ÈÕÆÚ,ÖÐ¼ä¼Û,³®Âò¼Û,»ãÂò¼Û,³®/»ãÂô¼Û,ÕÇµø¶î,ÕÇµø·ù
2014/4/17,6.0491,5.8829,6.0702,6.1128,-0.0055,-0.09%
2014/4/16,6.0546,5.8729,6.0599,6.1025,-0.01,-0.16%
2014/4/15,6.0646,5.896,6.0837,6.1265,-0.0098,-0.16%
2014/4/14,6.0744,5.9051,6.0931,6.1359,-0.0005,-0.01%
2014/4/13,6.0749,5.9032,6.0912,6.134,?0.0000,?0.0000%
2014/4/12,6.0749,5.9032,6.0912,6.134,?0.0000,?0.0000%
2014/4/11,6.0749,5.9032,6.0912,6.134,?0.0413,?0.6845%
2014/4/10,6.0336,5.9005,6.0884,6.1312,-0.007,-0.12%
2014/4/9,6.0406,5.8669,6.0537,6.0963,?0.0498,?0.8313%
2014/4/8,5.9908,5.8345,6.0203,6.0625,?0.0521,?0.8773%
2014/4/7,5.9387,5.8085,5.9934,6.0356,?0.0000,?0.0000%
2014/4/6,5.9387,5.8091,5.994,6.0362,?0.0000,?0.0000%
2014/4/5,5.9387,5.8091,5.994,6.0362,?0.0000,?0.0000%
2014/4/4,5.9387,5.8091,5.994,6.0362,?0.0011,?0.0185%
2014/4/3,5.9376,5.7679,5.9516,5.9934,-0.0067,-0.11%
2014/4/2,5.9443,5.7773,5.9613,6.0031,-0.0318,-0.53%
2014/4/1,5.9761,5.7979,5.9825,6.0245,-0.0159,-0.27%
2014/3/31,5.992,5.815,6.0001,6.0423,-0.0445,-0.74%
2014/3/30,6.0365,5.8335,6.0193,6.0615,?0.0000,?0.0000%
2014/3/29,6.0365,5.8408,6.0267,6.0691,?0.0000,?0.0000%
2014/3/28,6.0365,5.8334,6.0192,6.0614,-0.0107,-0.18%
2014/3/27,6.0472,5.8722,6.0592,6.1018,?0.0321,?0.5337%
2014/3/26,6.0151,5.8567,6.0432,6.0856,-0.0057,-0.09%
2014/3/25,6.0208,5.8507,6.037,6.0794,-0.0043,-0.07%
2014/3/24,6.0251,5.832,6.0177,6.0599,?0.0026,?0.0432%
2014/3/23,6.0225,5.873,6.06,6.1026,?0.0000,?0.0000%
2014/3/22,6.0225,5.873,6.06,6.1026,?0.0000,?0.0000%
2014/3/21,6.0225,5.873,6.06,6.1026,?0.0093,?0.1547%
2014/3/20,6.0132,5.8675,6.0543,6.0969,-0.043,-0.71%
2014/3/19,6.0562,5.8879,6.0754,6.118,?0.0286,?0.4745%
2014/3/18,6.0276,5.8918,6.0793,6.1221,-0.0228,-0.38%
2014/3/17,6.0504,5.859,6.0456,6.088,?0.0259,?0.4299%
2014/3/16,6.0245,5.8578,6.0443,6.0867,?0.0000,?0.0000%
2014/3/15,6.0245,5.8595,6.0461,6.0885,?0.0000,?0.0000%
2014/3/14,6.0245,5.8578,6.0443,6.0867,?0.0575,?0.9636%
2014/3/13,5.967,5.7746,5.9585,6.0003,?0.0073,?0.1225%
2014/3/12,5.9597,5.7798,5.9639,6.0057,?0.0217,?0.3654%
2014/3/11,5.938,5.7356,5.9182,5.9598,?0.0047,?0.0792%
2014/3/10,5.9333,5.7385,5.9212,5.9628,-0.0061,-0.10%
2014/3/9,5.9394,5.7274,5.9097,5.9513,?0.0000,?0.0000%
2014/3/8,5.9394,5.7235,5.9058,5.9472,?0.0000,?0.0000%
2014/3/7,5.9394,5.7274,5.9097,5.9513,-0.0447,-0.75%
2014/3/6,5.9841,5.7537,5.9369,5.9787,-0.01,-0.17%
2014/3/5,5.9941,5.7746,5.9585,6.0003,-0.0393,-0.65%
2014/3/4,6.0334,5.8277,6.0133,6.0555,-0.0057,-0.09%
2014/3/3,6.0391,5.8596,6.0462,6.0886,?0.0369,?0.6148%
2014/3/2,6.0022,5.822,6.0074,6.0496,?0.0000,?0.0000%
2014/3/1,6.0022,5.822,6.0074,6.0496,?0.0000,?0.0000%
2014/2/28,6.0022,5.822,6.0074,6.0496,?0.0207,?0.3461%
2014/2/27,5.9815,5.8126,5.9976,6.0398,-0.0048,-0.08%
2014/2/26,5.9863,5.7779,5.9619,6.0037,?0.0228,?0.3823%
2014/2/25,5.9635,5.7845,5.9686,6.0106,?0.0026,?0.0436%
2014/2/24,5.9609,5.7532,5.9363,5.9781,-0.0015,-0.03%
2014/2/23,5.9624,5.7354,5.918,5.9596,?0.0000,?0.0000%
2014/2/22,5.9624,5.7354,5.918,5.9596,?0.0000,?0.0000%
2014/2/21,5.9624,5.7354,5.918,5.9596,-0.0067,-0.11%
2014/2/20,5.9691,5.7634,5.9469,5.9887,?0.0100,?0.1678%
2014/2/19,5.9591,5.7531,5.9363,5.9779,-0.0088,-0.15%
2014/2/18,5.9679,5.723,5.9053,5.9467,?0.0231,?0.3886%
2014/2/17,5.9448,5.767,5.9506,5.9924,-0.0154,-0.26%
2014/2/16,5.9602,5.7514,5.9346,5.9762,?0.0000,?0.0000%
2014/2/15,5.9602,5.7542,5.9374,5.9792,?0.0000,?0.0000%
2014/2/14,5.9602,5.7514,5.9346,5.9762,?0.0119,?0.2001%
2014/2/13,5.9483,5.746,5.929,5.9706,?0.0125,?0.2106%
2014/2/12,5.9358,5.7143,5.8963,5.9377,-0.0274,-0.46%
2014/2/11,5.9632,5.7166,5.8986,5.94,?0.0164,?0.2758%
2014/2/10,5.9468,5.7293,5.9117,5.9533,-0.0264,-0.44%
2014/2/9,5.9732,5.714,5.8959,5.9373,?0.0000,?0.0000%
2014/2/8,5.9732,5.7147,5.8967,5.9381,?0.0000,?0.0000%
2014/2/7,5.9732,5.714,5.8959,5.9373,?0.0107,?0.1795%
2014/1/30,5.9625,5.7684,5.9521,5.9939,?0.0573,?0.9703%
2014/1/29,5.9052,5.6829,5.8638,5.905,-0.0315,-0.53%
2014/1/28,5.9367,5.6639,5.8443,5.8853,-0.0169,-0.28%
2014/1/27,5.9536,5.6912,5.8724,5.9136,?0.0663,?1.1262%
2014/1/26,5.8873,5.6952,5.8766,5.9178,?0.0000,?0.0000%
2014/1/25,5.8873,5.6952,5.8766,5.9178,?0.0000,?0.0000%
2014/1/24,5.8873,5.7062,5.8879,5.9293,?0.0640,?1.0990%
2014/1/23,5.8233,5.6018,5.7802,5.8208,-0.022,-0.38%
2014/1/22,5.8453,5.6007,5.779,5.8196,?0.0068,?0.1165%
2014/1/21,5.8385,5.5832,5.761,5.8014,-0.0149,-0.25%
2014/1/20,5.8534,5.6108,5.7895,5.8301,?0.0151,?0.2586%
2014/1/17,5.8383,5.5999,5.7782,5.8188,?0.0223,?0.3834%
2014/1/16,5.816,5.5826,5.7604,5.8008,-0.0243,-0.42%
2014/1/15,5.8403,5.5941,5.7722,5.8128,-0.0498,-0.85%
2014/1/14,5.8901,5.6284,5.8076,5.8484,?0.0359,?0.6132%
2014/1/13,5.8542,5.6443,5.824,5.865,?0.0423,?0.7278%
2014/1/12,5.8119,5.6107,5.7894,5.83,?0.0000,?0.0000%
2014/1/11,5.8119,5.6134,5.7922,5.8328,?0.0000,?0.0000%
2014/1/10,5.8119,5.6107,5.7894,5.83,-0.0044,-0.08%
2014/1/9,5.8163,5.5668,5.744,5.7844,-0.0031,-0.05%
2014/1/8,5.8194,5.564,5.7411,5.7815,-0.0158,-0.27%
2014/1/7,5.8352,5.6024,5.7808,5.8214,?0.0136,?0.2336%
2014/1/6,5.8216,5.5877,5.7656,5.8062,?0.0101,?0.1738%
2014/1/5,5.8115,5.573,5.7504,5.7908,?0.0000,?0.0000%
2014/1/4,5.8115,5.573,5.7504,5.7908,?0.0000,?0.0000%
2014/1/3,5.8115,5.573,5.7504,5.7908,?0.0288,?0.4980%
2014/1/2,5.7827,5.545,5.7216,5.7618,?0.0056,?0.0969%
2014/1/1,5.7771,5.5521,5.7289,5.7691,?0.0000,?0.0000%
2013/12/31,5.7771,5.5514,5.7282,5.7684,-0.0113,-0.20%
2013/12/30,5.7884,5.5679,5.7452,5.7856,-0.0295,-0.51%
2013/12/29,5.8179,5.5847,5.7626,5.803,?0.0000,?0.0000%
2013/12/28,5.8179,5.5847,5.7626,5.803,?0.0000,?0.0000%
2013/12/27,5.8179,5.5847,5.7626,5.803,-0.0146,-0.25%
2013/12/26,5.8325,5.5989,5.7772,5.8178,-0.0243,-0.41%
2013/12/25,5.8568,5.6166,5.7954,5.8362,-0.0023,-0.04%
2013/12/24,5.8591,5.6225,5.8015,5.8423,-0.0107,-0.18%
2013/12/23,5.8698,5.6382,5.8178,5.8586,?0.0156,?0.2665%
2013/12/22,5.8542,5.6324,5.8117,5.8525,?0.0000,?0.0000%
2013/12/21,5.8542,5.6324,5.8117,5.8525,?0.0000,?0.0000%
2013/12/20,5.8542,5.6324,5.8117,5.8525,-0.0066,-0.11%
2013/12/19,5.8608,5.6355,5.815,5.8558,-0.0753,-1.27%
2013/12/18,5.9361,5.6957,5.8771,5.9183,?0.0145,?0.2449%
2013/12/17,5.9216,5.6951,5.8765,5.9177,?0.0062,?0.1048%
2013/12/16,5.9154,5.6879,5.869,5.9102,?0.0178,?0.3018%
2013/12/15,5.8976,5.6842,5.8652,5.9064,?0.0000,?0.0000%
2013/12/14,5.8976,5.6842,5.8652,5.9064,?0.0000,?0.0000%
2013/12/13,5.8976,5.6842,5.8652,5.9064,-0.0496,-0.83%
2013/12/12,5.9472,5.7057,5.8873,5.9287,?0.0181,?0.3053%
2013/12/11,5.9291,5.717,5.8991,5.9405,?0.0241,?0.4081%
2013/12/10,5.905,5.6792,5.86,5.9012,-0.0275,-0.46%
2013/12/9,5.9325,5.6874,5.8685,5.9097,-0.076,-1.26%
2013/12/8,6.0085,5.7329,5.9154,5.957,?0.0000,?0.0000%
2013/12/7,6.0085,5.7329,5.9154,5.957,?0.0000,?0.0000%
2013/12/6,6.0085,5.7329,5.9154,5.957,?0.0280,?0.4682%
2013/12/5,5.9805,5.7621,5.9455,5.9873,?0.0083,?0.1390%
2013/12/4,5.9722,5.7339,5.9164,5.958,?0.0205,?0.3444%
2013/12/3,5.9517,5.7243,5.9066,5.948,-0.0225,-0.38%
2013/12/2,5.9742,5.727,5.9093,5.9509,-0.0102,-0.17%
2013/12/1,5.9844,5.7426,5.9255,5.9671,?0.0000,?0.0000%
2013/11/30,5.9844,5.7426,5.9255,5.9671,?0.0000,?0.0000%
2013/11/29,5.9844,5.7426,5.9255,5.9671,-0.0132,-0.22%
2013/11/28,5.9976,5.757,5.9403,5.9821,-0.047,-0.78%
2013/11/27,6.0446,5.7819,5.966,6.008,?0.0048,?0.0795%
2013/11/26,6.0398,5.8031,5.9879,6.0299,-0.0065,-0.11%
2013/11/25,6.0463,5.7813,5.9653,6.0073,-0.0069,-0.11%
2013/11/24,6.0532,5.81,5.9949,6.0371,?0.0000,?0.0000%
2013/11/23,6.0532,5.81,5.995,6.0372,?0.0000,?0.0000%
2013/11/22,6.0532,5.81,5.995,6.0372,-0.0511,-0.84%
2013/11/21,6.1043,5.8315,6.0172,6.0594,-0.0093,-0.15%
2013/11/20,6.1136,5.8858,6.0732,6.1158,-0.0197,-0.32%
2013/11/19,6.1333,5.893,6.0806,6.1234,?0.0261,?0.4274%
2013/11/18,6.1072,5.8771,6.0642,6.1068,-0.005,-0.08%
2013/11/17,6.1122,5.8717,6.0586,6.1012,?0.0000,?0.0000%
2013/11/16,6.1122,5.8717,6.0586,6.1012,?0.0000,?0.0000%
2013/11/15,6.1122,5.8717,6.0586,6.1012,-0.0575,-0.93%
2013/11/14,6.1697,5.8852,6.0726,6.1152,?0.0204,?0.3317%
2013/11/13,6.1493,5.9143,6.1027,6.1455,-0.0253,-0.41%
2013/11/12,6.1746,5.8983,6.0861,6.1289,-0.0118,-0.19%
2013/11/11,6.1864,5.9366,6.1256,6.1686,-0.0633,-1.01%
2013/11/10,6.2497,5.9363,6.1253,6.1683,?0.0000,?0.0000%
2013/11/9,6.2497,5.9363,6.1253,6.1683,?0.0000,?0.0000%
2013/11/8,6.2497,5.9363,6.1253,6.1683,?0.0351,?0.5648%
2013/11/7,6.2146,5.9553,6.1449,6.1881,-0.0122,-0.20%
2013/11/6,6.2268,5.9646,6.1545,6.1977,?0.0024,?0.0386%
2013/11/5,6.2244,5.9879,6.1786,6.222,?0.0056,?0.0900%
2013/11/4,6.2188,5.9684,6.1585,6.2017,-0.0288,-0.46%
2013/11/3,6.2476,5.9668,6.1568,6.2,?0.0000,?0.0000%
2013/11/2,6.2476,5.9668,6.1568,6.2,?0.0000,?0.0000%
2013/11/1,6.2476,5.9668,6.1568,6.2,?0.0144,?0.2310%
2013/10/31,6.2332,5.9863,6.1769,6.2203,-0.0077,-0.12%
2013/10/30,6.2409,5.9918,6.1826,6.226,-0.036,-0.57%
2013/10/29,6.2769,6.0035,6.1946,6.2382,?0.0012,?0.0191%
2013/10/28,6.2757,6.0152,6.2067,6.2503,-0.0172,-0.27%
2013/10/27,6.2929,6.0293,6.2212,6.265,?0.0000,?0.0000%
2013/10/26,6.2929,6.0339,6.226,6.2697,?0.0000,?0.0000%
2013/10/25,6.2929,6.0293,6.2212,6.265,?0.0103,?0.1639%
2013/10/24,6.2826,6.0302,6.2222,6.2659,?0.0415,?0.6649%
2013/10/23,6.2411,6.0371,6.2293,6.273,?0.0007,?0.0112%
2013/10/22,6.2404,5.9797,6.1701,6.2135,-0.0105,-0.17%
2013/10/21,6.2509,5.9988,6.1898,6.2333,?0.0006,?0.0096%
2013/10/20,6.2503,6.0173,6.2089,6.2525,?0.0000,?0.0000%
2013/10/19,6.2503,6.0173,6.2089,6.2525,?0.0000,?0.0000%
2013/10/18,6.2503,6.0173,6.2089,6.2525,?0.0464,?0.7479%
2013/10/17,6.2039,6.0145,6.206,6.2496,-0.0232,-0.37%
2013/10/16,6.2271,5.9877,6.1784,6.2218,?0.0055,?0.0884%
2013/10/15,6.2216,5.973,6.1632,6.2065,-0.0236,-0.38%
2013/10/14,6.2452,6.0093,6.2006,6.2442,-0.0019,-0.03%
2013/10/13,6.2471,5.9936,6.1844,6.2278,?0.0000,?0.0000%
2013/10/12,6.2471,5.9936,6.1844,6.2278,?0.0000,?0.0000%
2013/10/11,6.2471,5.9936,6.1844,6.2278,-0.0482,-0.77%
2013/10/10,6.2953,6.0352,6.2274,6.2711,-0.0255,-0.40%
2013/10/9,6.3208,6.0686,6.2618,6.3058,-0.0244,-0.38%
2013/10/8,6.3452,6.0869,6.2807,6.3248,?0.0659,?1.0495%
2013/10/7,6.2793,6.0833,6.277,6.3211,?0.0000,?0.0000%
2013/10/6,6.2793,6.062,6.255,6.299,?0.0000,?0.0000%
2013/10/5,6.2793,6.062,6.255,6.299,?0.0000,?0.0000%
2013/10/4,6.2793,6.0753,6.2687,6.3128,?0.0000,?0.0000%
2013/10/3,6.2793,6.07,6.2632,6.3072,?0.0000,?0.0000%
2013/10/2,6.2793,6.0375,6.2298,6.2735,?0.0000,?0.0000%
2013/10/1,6.2793,6.002,6.1931,6.2367,?0.0000,?0.0000%
2013/9/30,6.2793,6.041,6.2333,6.2771,?0.0686,?1.1045%
2013/9/29,6.2107,6.0121,6.2035,6.2471,?0.0000,?0.0000%
2013/9/28,6.2107,6.0136,6.2051,6.2486,?0.0000,?0.0000%
2013/9/27,6.2107,6.0121,6.2035,6.2471,-0.0312,-0.50%
2013/9/26,6.2419,5.9965,6.1874,6.2309,?0.0195,?0.3134%
2013/9/25,6.2224,5.996,6.1869,6.2304,?0.0064,?0.1030%
2013/9/24,6.216,5.9802,6.1706,6.2139,?0.0239,?0.3860%
2013/9/23,6.1921,5.971,6.1612,6.2044,-0.007,-0.11%
2013/9/22,6.1991,5.9492,6.1386,6.1818,?0.0000,?0.0000%
2013/9/21,6.1991,5.9349,6.1238,6.1669,?0.0000,?0.0000%
2013/9/20,6.1991,5.954,6.1436,6.1867,?0.0000,?0.0000%
2013/9/19,6.1991,6.0211,6.2128,6.2565,?0.0000,?0.0000%
2013/9/18,6.1991,5.9739,6.1642,6.2075,?0.0000,?0.0000%
2013/9/17,6.1991,5.9612,6.1511,6.1943,-0.0176,-0.28%
2013/9/16,6.2167,5.9776,6.1679,6.2112,?0.0441,?0.7144%
2013/9/13,6.1726,5.9486,6.138,6.1811,?0.0077,?0.1249%
2013/9/12,6.1649,5.9476,6.137,6.1801,?0.0303,?0.4939%
2013/9/11,6.1346,5.894,6.0817,6.1244,-0.0323,-0.52%
2013/9/10,6.1669,5.8902,6.0777,6.1204,-0.0044,-0.07%
2013/9/9,6.1713,5.9421,6.1313,6.1743,?0.0109,?0.1769%
2013/9/8,6.1604,5.9622,6.152,6.1952,?0.0000,?0.0000%
2013/9/7,6.1604,5.9894,6.1801,6.2235,?0.0000,?0.0000%
2013/9/6,6.1604,5.9622,6.152,6.1952,-0.0161,-0.26%
2013/9/5,6.1765,5.9174,6.1058,6.1487,-0.0109,-0.18%
2013/9/4,6.1874,5.9454,6.1347,6.1778,?0.0042,?0.0679%
2013/9/3,6.1832,5.9429,6.1321,6.1752,-0.0688,-1.10%
2013/9/2,6.252,5.9463,6.1356,6.1787,-0.0125,-0.20%
2013/9/1,6.2645,6.0187,6.2103,6.2539,?0.0000,?0.0000%
2013/8/31,6.2645,6.0187,6.2103,6.2539,?0.0000,?0.0000%
2013/8/30,6.2645,6.0187,6.2103,6.2539,-0.0317,-0.50%
2013/8/29,6.2962,6.005,6.1962,6.2397,-0.0382,-0.60%
2013/8/28,6.3344,6.063,6.256,6.3,?0.0676,?1.0787%
2013/8/27,6.2668,6.0781,6.2716,6.3157,?0.0324,?0.5197%
2013/8/26,6.2344,5.997,6.1879,6.2314,-0.0063,-0.10%
2013/8/25,6.2407,5.9878,6.1785,6.2219,?0.0000,?0.0000%
2013/8/24,6.2407,5.9878,6.1785,6.2219,?0.0000,?0.0000%
2013/8/23,6.2407,5.9878,6.1785,6.2219,-0.0538,-0.85%
2013/8/22,6.2945,5.9983,6.1893,6.2328,-0.0215,-0.34%
2013/8/21,6.316,6.065,6.2582,6.3021,?0.0110,?0.1745%
2013/8/20,6.305,6.0736,6.267,6.311,?0.0043,?0.0682%
2013/8/19,6.3007,6.0329,6.225,6.2687,-0.0274,-0.43%
2013/8/18,6.3281,6.0646,6.2577,6.3017,?0.0000,?0.0000%
2013/8/17,6.3281,6.0646,6.2577,6.3017,?0.0000,?0.0000%
2013/8/16,6.3281,6.0646,6.2577,6.3017,?0.0364,?0.5785%
2013/8/15,6.2917,5.9915,6.1823,6.2257,?0.0190,?0.3029%
2013/8/14,6.2727,6.0153,6.2068,6.2504,-0.0542,-0.86%
2013/8/13,6.3269,6.0259,6.2177,6.2614,-0.0761,-1.19%
2013/8/12,6.403,6.1128,6.3074,6.3517,?0.0423,?0.6650%
2013/8/11,6.3607,6.1426,6.3382,6.3827,?0.0000,?0.0000%
2013/8/10,6.3607,6.1426,6.3382,6.3827,?0.0000,?0.0000%
2013/8/9,6.3607,6.1426,6.3382,6.3827,-0.011,-0.17%
2013/8/8,6.3717,6.141,6.3365,6.381,?0.0445,?0.7033%
2013/8/7,6.3272,6.0894,6.2833,6.3274,?0.0431,?0.6859%
2013/8/6,6.2841,6.0182,6.2098,6.2534,?0.0576,?0.9251%
2013/8/5,6.2265,6.011,6.2024,6.246,?0.0233,?0.3756%
2013/8/4,6.2032,5.9828,6.1733,6.2167,?0.0000,?0.0000%
2013/8/3,6.2032,5.9828,6.1733,6.2167,?0.0000,?0.0000%
2013/8/2,6.2032,5.9828,6.1733,6.2167,-0.0979,-1.55%
2013/8/1,6.3011,5.9857,6.1763,6.2197,?0.0055,?0.0874%
2013/7/31,6.2956,6.0599,6.2529,6.2968,?0.0107,?0.1702%
2013/7/30,6.2849,6.0428,6.2352,6.279,-0.0005,-0.01%
2013/7/29,6.2854,6.0571,6.2499,6.2938,?0.0740,?1.1914%
2013/7/28,6.2114,6.033,6.2251,6.2689,?0.0000,?0.0000%
2013/7/27,6.2114,6.033,6.2251,6.2689,?0.0000,?0.0000%
2013/7/26,6.2114,6.033,6.2251,6.2689,?0.0653,?1.0625%
2013/7/25,6.1461,5.9292,6.118,6.161,-0.0443,-0.72%
2013/7/24,6.1904,5.9187,6.1071,6.15,-0.0072,-0.12%
2013/7/23,6.1976,5.9376,6.1267,6.1697,?0.0324,?0.5255%
2013/7/22,6.1652,5.9299,6.1187,6.1617,?0.0429,?0.7007%
2013/7/21,6.1223,5.9162,6.1046,6.1475,?0.0000,?0.0000%
2013/7/20,6.1223,5.9162,6.1046,6.1475,?0.0000,?0.0000%
2013/7/19,6.1223,5.9162,6.1046,6.1475,-0.0642,-1.04%
2013/7/18,6.1865,5.921,6.1096,6.1525,-0.0187,-0.30%
2013/7/17,6.2052,5.9438,6.1331,6.1762,?0.0427,?0.6929%
2013/7/16,6.1625,5.9464,6.1357,6.1788,-0.041,-0.66%
2013/7/15,6.2035,5.94,6.1291,6.1722,-0.0156,-0.25%
2013/7/14,6.2191,5.9701,6.1602,6.2035,?0.0000,?0.0000%
2013/7/13,6.2191,5.9701,6.1602,6.2035,?0.0000,?0.0000%
2013/7/12,6.2191,5.9701,6.1602,6.2035,?0.0355,?0.5741%
2013/7/11,6.1836,5.9615,6.1514,6.1946,?0.0856,?1.4037%
2013/7/10,6.098,5.9153,6.1037,6.1466,-0.0051,-0.08%
2013/7/9,6.1031,5.8486,6.0348,6.0772,?0.0151,?0.2480%
2013/7/8,6.088,5.8491,6.0354,6.0778,-0.066,-1.07%
2013/7/7,6.154,5.87,6.0569,6.0995,?0.0000,?0.0000%
2013/7/6,6.154,5.87,6.0569,6.0995,?0.0000,?0.0000%
2013/7/5,6.154,5.87,6.0569,6.0995,-0.02,-0.32%
2013/7/4,6.174,5.937,6.126,6.169,?0.0443,?0.7227%
2013/7/3,6.1297,5.9325,6.1214,6.1644,-0.0624,-1.01%
2013/7/2,6.1921,5.9089,6.097,6.1398,-0.021,-0.34%
2013/7/1,6.2131,5.9408,6.13,6.1731,-0.0476,-0.76%
2013/6/30,6.2607,5.9812,6.1716,6.215,?0.0000,?0.0000%
2013/6/29,6.2607,5.9812,6.1716,6.215,?0.0000,?0.0000%
2013/6/28,6.2607,5.9812,6.1716,6.215,-0.0581,-0.92%
2013/6/27,6.3188,6.0542,6.247,6.2909,?0.0264,?0.4196%
2013/6/26,6.2924,6.0893,6.2831,6.3273,-0.0223,-0.35%
2013/6/25,6.3147,6.097,6.2912,6.3353,?0.0406,?0.6471%
2013/6/24,6.2741,6.0626,6.2557,6.2996,-0.0639,-1.01%
2013/6/23,6.338,6.0601,6.253,6.2969,?0.0000,?0.0000%
2013/6/22,6.338,6.0601,6.253,6.2969,?0.0000,?0.0000%
2013/6/21,6.338,6.0601,6.253,6.2969,-0.0625,-0.98%
2013/6/20,6.4005,6.0382,6.2305,6.2742,-0.0465,-0.72%
2013/6/19,6.447,6.2285,6.4269,6.472,-0.0457,-0.70%
2013/6/18,6.4927,6.2109,6.4087,6.4537,-0.0133,-0.20%
2013/6/17,6.506,6.2369,6.4355,6.4807,?0.0279,?0.4307%
2013/6/16,6.4781,6.2888,6.489,6.5346,?0.0000,?0.0000%
2013/6/15,6.4781,6.2888,6.489,6.5346,?0.0000,?0.0000%
2013/6/14,6.4781,6.2888,6.489,6.5346,?0.0260,?0.4030%
2013/6/13,6.4521,6.276,6.4758,6.5213,?0.1275,?2.0159%
2013/6/12,6.3246,6.1153,6.3101,6.3544,?0.0000,?0.0000%
2013/6/11,6.3246,5.9868,6.1774,6.2208,?0.0000,?0.0000%
2013/6/10,6.3246,6.0338,6.2259,6.2696,?0.0000,?0.0000%
2013/6/9,6.3246,6.0607,6.2537,6.2976,?0.0000,?0.0000%
2013/6/8,6.3246,6.0681,6.2613,6.3053,?0.0000,?0.0000%
2013/6/7,6.3246,6.1205,6.3154,6.3597,?0.1147,?1.8471%
2013/6/6,6.2099,5.9745,6.1647,6.208,?0.0605,?0.9838%
2013/6/5,6.1494,5.9358,6.1248,6.1679,-0.0441,-0.71%
2013/6/4,6.1935,5.9025,6.0904,6.1332,?0.0501,?0.8155%
2013/6/3,6.1434,5.8971,6.0849,6.1276,?0.0437,?0.7164%
2013/6/2,6.0997,5.8948,6.0825,6.1253,?0.0000,?0.0000%
2013/6/1,6.0997,5.8593,6.0458,6.0883,?0.0000,?0.0000%
2013/5/31,6.0997,5.8948,6.0825,6.1253,?0.0015,?0.0246%
2013/5/30,6.0982,5.8742,6.0613,6.1038,?0.0617,?1.0221%
2013/5/29,6.0365,5.813,5.9981,6.0402,-0.04,-0.66%
2013/5/28,6.0765,5.792,5.9765,6.0184,-0.0404,-0.66%
2013/5/27,6.1169,5.8608,6.0474,6.0899,?0.0791,?1.3101%
2013/5/26,6.0378,5.8621,6.0488,6.0912,?0.0000,?0.0000%
2013/5/25,6.0378,5.8621,6.0488,6.0912,?0.0000,?0.0000%
2013/5/24,6.0378,5.8621,6.0488,6.0912,?0.0581,?0.9716%
2013/5/23,5.9797,5.8398,6.0258,6.0681,-0.0446,-0.74%
2013/5/22,6.0243,5.7389,5.9216,5.9632,-0.012,-0.20%
2013/5/21,6.0363,5.7676,5.9513,5.9931,?0.0151,?0.2508%
2013/5/20,6.0212,5.781,5.9651,6.007,-0.0322,-0.53%
2013/5/18,6.0534,5.7591,5.9424,5.9842,?0.0000,?0.0000%
2013/5/17,6.0534,5.7591,5.9424,5.9842,-0.0106,-0.17%
2013/5/16,6.064,5.7921,5.9765,6.0185,?0.0008,?0.0132%
2013/5/15,6.0632,5.7768,5.9608,6.0026,-0.0312,-0.51%
2013/5/14,6.0944,5.8514,6.0377,6.0801,?0.0151,?0.2484%
2013/5/13,6.0793,5.8374,6.0233,6.0656,-0.0615,-1.00%
2013/5/12,6.1408,5.8355,6.0213,6.0636,?0.0000,?0.0000%
2013/5/11,6.1408,5.8401,6.026,6.0683,?0.0000,?0.0000%
2013/5/10,6.1408,5.8355,6.0213,6.0636,-0.1099,-1.76%
2013/5/9,6.2507,5.997,6.1879,6.2314,-0.0127,-0.20%
2013/5/8,6.2634,5.9951,6.186,6.2295,?0.0091,?0.1455%
2013/5/7,6.2543,5.992,6.1828,6.2263,-0.0142,-0.23%
2013/5/6,6.2685,5.9929,6.1837,6.2272,-0.0652,-1.03%
2013/5/5,6.3337,5.9975,6.1885,6.2319,?0.0000,?0.0000%
2013/5/4,6.3337,5.9969,6.1878,6.2313,?0.0000,?0.0000%
2013/5/3,6.3337,5.9975,6.1885,6.2319,-0.047,-0.74%
2013/5/2,6.3807,6.1129,6.3075,6.3519,?0.1132,?1.8061%
2013/5/1,6.2675,6.1206,6.3155,6.3599,?0.0000,?0.0000%
2013/4/30,6.2675,6.075,6.2684,6.3124,?0.0000,?0.0000%
2013/4/29,6.2675,6.0787,6.2722,6.3163,?0.0000,?0.0000%
2013/4/28,6.2675,6.0604,6.2534,6.2973,?0.0000,?0.0000%
2013/4/27,6.2675,6.0598,6.2528,6.2967,?0.0000,?0.0000%
2013/4/26,6.2675,6.0641,6.2572,6.3012,?0.0139,?0.2223%
2013/4/25,6.2536,6.0072,6.1985,6.242,?0.0023,?0.0368%
2013/4/24,6.2513,5.9936,6.1844,6.2279,-0.0269,-0.43%
2013/4/23,6.2782,6.0485,6.241,6.2849,?0.0345,?0.5526%
2013/4/22,6.2437,5.9917,6.1824,6.2259,-0.0918,-1.45%
2013/4/21,6.3355,5.9936,6.1844,6.2279,?0.0000,?0.0000%
2013/4/20,6.3355,5.9936,6.1844,6.2279,?0.0000,?0.0000%
2013/4/19,6.3355,5.9936,6.1844,6.2279,-0.0219,-0.34%
2013/4/18,6.3574,6.0716,6.2649,6.3089,?0.0017,?0.0267%
2013/4/17,6.3557,6.0725,6.2659,6.3099,-0.0815,-1.27%
2013/4/16,6.4372,6.1061,6.3005,6.3448,?0.1069,?1.6887%
2013/4/15,6.3303,6.1026,6.2969,6.3411,?0.0688,?1.0988%
2013/4/14,6.2615,6.047,6.2395,6.2834,?0.0000,?0.0000%
2013/4/13,6.2615,6.0488,6.2414,6.2853,?0.0000,?0.0000%
2013/4/12,6.2615,6.047,6.2395,6.2834,-0.0032,-0.05%
2013/4/11,6.2647,6.0161,6.2077,6.2513,-0.0376,-0.60%
2013/4/10,6.3023,6.0194,6.2111,6.2547,?0.0074,?0.1176%
2013/4/9,6.2949,6.052,6.2447,6.2885,-0.05,-0.79%
2013/4/8,6.3449,6.0727,6.2661,6.3101,-0.3353,-5.02%
2013/4/7,6.6802,6.139,6.3344,6.3789,?0.0000,?0.0000%
2013/4/6,6.6802,6.1327,6.328,6.3724,?0.0000,?0.0000%
2013/4/5,6.6802,6.2187,6.4167,6.4618,?0.0000,?0.0000%
2013/4/4,6.6802,6.4449,6.6501,6.6968,?0.0000,?0.0000%
2013/4/3,6.6802,6.4039,6.6078,6.6542,-0.039,-0.58%
2013/4/2,6.7192,6.4169,6.6213,6.6678,?0.0856,?1.2904%
2013/4/1,6.6336,6.399,6.6027,6.6491,-0.015,-0.23%
2013/3/31,6.6486,6.3656,6.5682,6.6144,?0.0000,?0.0000%
2013/3/30,6.6486,6.3656,6.5682,6.6144,?0.0000,?0.0000%
2013/3/29,6.6486,6.3656,6.5682,6.6144,?0.0152,?0.2291%
2013/3/28,6.6334,6.3869,6.5903,6.6366,?0.0171,?0.2585%
2013/3/27,6.6163,6.3465,6.5486,6.5946,-0.0376,-0.57%
2013/3/26,6.6539,6.3757,6.5787,6.6249,?0.0584,?0.8855%
2013/3/25,6.5955,6.3258,6.5272,6.573,?0.0067,?0.1017%
2013/3/24,6.5888,6.3504,6.5526,6.5986,?0.0000,?0.0000%
2013/3/23,6.5888,6.3538,6.5561,6.6021,?0.0000,?0.0000%
2013/3/22,6.5888,6.3504,6.5526,6.5986,?0.0590,?0.9035%
2013/3/21,6.5298,6.3011,6.5017,6.5474,-0.0664,-1.01%
2013/3/20,6.5962,6.2915,6.4918,6.5374,?0.0380,?0.5794%
2013/3/19,6.5582,6.293,6.4934,6.539,-0.042,-0.64%
2013/3/18,6.6002,6.3167,6.5178,6.5636,?0.0885,?1.3591%
2013/3/17,6.5117,6.2859,6.4861,6.5316,?0.0000,?0.0000%
2013/3/16,6.5117,6.2859,6.4861,6.5316,?0.0000,?0.0000%
2013/3/15,6.5117,6.2859,6.4861,6.5316,-0.0142,-0.22%
2013/3/14,6.5259,6.2311,6.4295,6.4747,-0.0024,-0.04%
2013/3/13,6.5283,6.2588,6.4581,6.5035,?0.0445,?0.6863%
2013/3/12,6.4838,6.2647,6.4641,6.5095,-0.0337,-0.52%
2013/3/11,6.5175,6.2469,6.4458,6.4911,-0.0854,-1.29%
2013/3/10,6.6029,6.263,6.4624,6.5078,?0.0000,?0.0000%
2013/3/9,6.6029,6.263,6.4624,6.5078,?0.0000,?0.0000%
2013/3/8,6.6029,6.263,6.4624,6.5078,-0.0613,-0.92%
2013/3/7,6.6642,6.3766,6.5797,6.6259,-0.0521,-0.78%
2013/3/6,6.7163,6.4268,6.6314,6.678,?0.0067,?0.0999%
2013/3/5,6.7096,6.4471,6.6524,6.6992,?0.0107,?0.1597%
2013/3/4,6.6989,6.4242,6.6288,6.6753,-0.052,-0.77%
2013/3/3,6.7509,6.4208,6.6252,6.6718,?0.0000,?0.0000%
2013/3/2,6.7509,6.4208,6.6252,6.6718,?0.0000,?0.0000%
2013/3/1,6.7509,6.4208,6.6252,6.6718,-0.0375,-0.55%
2013/2/28,6.7884,6.518,6.7255,6.7728,-0.022,-0.32%
2013/2/27,6.8104,6.5595,6.7684,6.8159,?0.0344,?0.5077%
2013/2/26,6.776,6.5325,6.7405,6.7879,?0.1046,?1.5679%
2013/2/25,6.6714,6.4095,6.6136,6.6601,-0.0561,-0.83%
2013/2/24,6.7275,6.4442,6.6494,6.6961,?0.0000,?0.0000%
2013/2/23,6.7275,6.4442,6.6494,6.6961,?0.0000,?0.0000%
2013/2/22,6.7275,6.4442,6.6494,6.6961,?0.0387,?0.5786%
2013/2/21,6.6888,6.4518,6.6572,6.704,-0.0039,-0.06%
2013/2/20,6.6927,6.4509,6.6563,6.7031,?0.0091,?0.1362%
2013/2/19,6.6836,6.437,6.6419,6.6886,?0.0045,?0.0674%
2013/2/18,6.6791,6.4116,6.6158,6.6623,-0.0233,-0.35%
2013/2/17,6.7024,6.439,6.644,6.6907,?0.0000,?0.0000%
2013/2/16,6.7024,6.437,6.6419,6.6886,?0.0000,?0.0000%
2013/2/15,6.7024,6.4672,6.6731,6.72,?0.0000,?0.0000%
2013/2/14,6.7024,6.452,6.6574,6.7042,?0.0000,?0.0000%
2013/2/13,6.7024,6.449,6.6544,6.7011,?0.0000,?0.0000%
2013/2/12,6.7024,6.3901,6.5936,6.6399,?0.0000,?0.0000%
2013/2/11,6.7024,6.5039,6.711,6.7581,?0.0000,?0.0000%
2013/2/10,6.7024,6.4948,6.7016,6.7487,?0.0000,?0.0000%
2013/2/9,6.7024,6.4916,6.6983,6.7454,?0.0000,?0.0000%
2013/2/8,6.7024,6.4864,6.6929,6.7399,-0.0096,-0.14%
2013/2/7,6.712,6.4109,6.615,6.6615,?0.0082,?0.1223%
2013/2/6,6.7038,6.4112,6.6154,6.6618,-0.0903,-1.33%
2013/2/5,6.7941,6.4817,6.688,6.735,?0.0311,?0.4599%
2013/2/4,6.763,6.4806,6.687,6.734,-0.0652,-0.95%
2013/2/1,6.8282,6.4992,6.7062,6.7533,-0.052,-0.76%
2013/1/31,6.8802,6.6008,6.811,6.8588,-0.0253,-0.37%
2013/1/30,6.9055,6.573,6.7822,6.8299,-0.0142,-0.21%
2013/1/29,6.9197,6.6331,6.8443,6.8923,?0.0401,?0.5829%
2013/1/28,6.8796,6.6304,6.8415,6.8896,-0.0418,-0.60%
2013/1/25,6.9214,6.5892,6.799,6.8468,-0.1484,-2.10%
2013/1/24,7.0698,6.7046,6.9181,6.9667,?0.0018,?0.0255%
2013/1/23,7.068,6.7965,7.0129,7.0622,?0.0827,?1.1839%
2013/1/22,6.9853,6.7717,6.9874,7.0364,?0.0181,?0.2598%
2013/1/21,6.9672,6.7121,6.9258,6.9744,?0.0015,?0.0215%
2013/1/18,6.9657,6.6751,6.8876,6.936,-0.1623,-2.28%
2013/1/17,7.128,6.7335,6.9479,6.9967,?0.0688,?0.9746%
2013/1/16,7.0592,6.8089,7.0257,7.0751,?0.0716,?1.0247%
2013/1/15,6.9876,6.7586,6.9738,7.0228,-0.0052,-0.07%
2013/1/14,6.9928,6.7142,6.928,6.9767,-0.0497,-0.71%
2013/1/11,7.0425,6.7272,6.9414,6.9901,-0.0725,-1.02%
2013/1/10,7.115,6.8082,7.025,7.0744,-0.0835,-1.16%
2013/1/9,7.1985,6.8629,7.0815,7.1312,?0.0283,?0.3947%
2013/1/8,7.1702,6.8735,7.0924,7.1422,?0.0467,?0.6556%
2013/1/7,7.1235,6.8495,7.0676,7.1172,-0.0534,-0.74%
2013/1/4,7.1769,6.7999,7.0164,7.0657,-0.128,-1.75%
2012/12/31,7.3049,6.924,7.1445,7.1947,?0.0415,?0.5714%
2012/12/28,7.2634,6.987,7.2095,7.2601,-0.0703,-0.96%
2012/12/27,7.3337,7.0203,7.2438,7.2947,-0.0405,-0.55%
2012/12/26,7.3742,7.0489,7.2734,7.3245,-0.0308,-0.42%
2012/12/25,7.405,7.0918,7.3176,7.369,-0.0279,-0.38%
2012/12/24,7.4329,7.1224,7.3492,7.4008,-0.008,-0.11%
2012/12/21,7.4409,7.1447,7.3722,7.424,-0.0521,-0.70%
2012/12/20,7.493,7.1624,7.3905,7.4424,?0.0496,?0.6664%
2012/12/19,7.4434,7.1273,7.3543,7.4059,-0.04,-0.53%
2012/12/18,7.4834,7.1685,7.3967,7.4487,?0.0114,?0.1526%
2012/12/17,7.472,7.1858,7.4146,7.4667,-0.0294,-0.39%
2012/12/14,7.5014,7.2159,7.4457,7.498,-0.0299,-0.40%
2012/12/13,7.5313,7.2172,7.447,7.4993,-0.0725,-0.95%
2012/12/12,7.6038,7.2839,7.5158,7.5686,-0.0137,-0.18%
2012/12/11,7.6175,7.303,7.5355,7.5885,?0.0101,?0.1328%
2012/12/10,7.6074,7.303,7.5355,7.5884,-0.0077,-0.10%
2012/12/7,7.6151,7.2764,7.5081,7.5608,-0.002,-0.03%
2012/12/6,7.6171,7.2658,7.4972,7.5498,-0.0424,-0.55%
2012/12/5,7.6595,7.2947,7.5269,7.5798,?0.0236,?0.3091%
2012/12/4,7.6359,7.3039,7.5365,7.5894,?0.0289,?0.3799%
2012/12/3,7.607,7.2974,7.5297,7.5826,-0.034,-0.45%
2012/11/30,7.641,7.269,7.5005,7.5532,?0.0003,?0.0039%
2012/11/29,7.6407,7.2957,7.528,7.5809,?0.0028,?0.0367%
2012/11/28,7.6379,7.3416,7.5754,7.6286,-0.0118,-0.15%
2012/11/27,7.6497,7.3103,7.5431,7.5961,?0.0533,?0.7016%
2012/11/26,7.5964,7.3202,7.5533,7.6063,-0.0217,-0.28%
2012/11/23,7.6181,7.2941,7.5263,7.5792,?0.0050,?0.0657%
2012/11/22,7.6131,7.266,7.4974,7.5501,-0.0619,-0.81%
2012/11/21,7.675,7.3152,7.5481,7.6011,-0.039,-0.51%
2012/11/20,7.714,7.4029,7.6386,7.6923,?0.0040,?0.0519%
2012/11/19,7.71,7.4074,7.6432,7.6969,-0.028,-0.36%
2012/11/16,7.738,7.4046,7.6404,7.6941,-0.0797,-1.02%
2012/11/15,7.8177,7.4076,7.6435,7.6972,-0.0771,-0.98%
2012/11/14,7.8948,7.5029,7.7418,7.7962,?0.0074,?0.0938%
2012/11/13,7.8874,7.5834,7.8248,7.8798,-0.0277,-0.35%
2012/11/12,7.9151,7.5624,7.8032,7.858,?0.0007,?0.0088%
2012/11/9,7.9144,7.5862,7.8277,7.8827,?0.0405,?0.5144%
2012/11/8,7.8739,7.5298,7.7696,7.8242,?0.0377,?0.4811%
2012/11/7,7.8362,7.5004,7.7392,7.7936,-0.0156,-0.20%
2012/11/6,7.8518,7.5215,7.761,7.8155,?0.0294,?0.3758%
2012/11/5,7.8224,7.5105,7.7497,7.8041,-0.0175,-0.22%
2012/11/2,7.8399,7.4971,7.7358,7.7902,-0.0328,-0.42%
2012/11/1,7.8727,7.5344,7.7743,7.8289,-0.022,-0.28%
2012/10/31,7.8947,7.5492,7.7896,7.8443,?0.0197,?0.2502%
2012/10/30,7.875,7.583,7.8245,7.8795,-0.0218,-0.28%
2012/10/29,7.8968,7.5724,7.8136,7.8684,?0.0519,?0.6616%
2012/10/26,7.8449,7.5708,7.8119,7.8668,-0.041,-0.52%
2012/10/25,7.8859,7.5139,7.7531,7.8076,-0.0016,-0.02%
2012/10/24,7.8875,7.5607,7.8014,7.8562,?0.0137,?0.1740%
2012/10/23,7.8738,7.5605,7.8012,7.856,-0.0665,-0.84%
2012/10/22,7.9403,7.5693,7.8103,7.8652,?0.0087,?0.1097%
2012/10/19,7.9316,7.6181,7.8607,7.9159,-0.0218,-0.27%
2012/10/18,7.9534,7.6274,7.8703,7.9255,-0.0345,-0.43%
2012/10/17,7.9879,7.6715,7.9158,7.9714,-0.0035,-0.04%
2012/10/16,7.9914,7.6719,7.9161,7.9717,-0.052,-0.65%
2012/10/15,8.0434,7.6953,7.9403,7.9961,-0.0193,-0.24%
2012/10/12,8.0627,7.7157,7.9613,8.0173,-0.0543,-0.67%
2012/10/11,8.117,7.7462,7.9929,8.049,?0.0136,?0.1678%
2012/10/10,8.1034,7.748,7.9946,8.0508,?0.0124,?0.1533%
2012/10/9,8.091,7.7509,7.9977,8.0539,?0.0465,?0.5780%
2012/10/8,8.0445,7.7618,8.0089,8.0652,-0.1239,-1.52%
2012/10/5,8.1684,7.7255,7.9715,8.0275,?0.0000,?0.0000%
2012/10/4,8.1684,7.7363,7.9827,8.0387,?0.0000,?0.0000%
2012/10/3,8.1684,7.7541,8.001,8.0572,?0.0000,?0.0000%
2012/10/2,8.1684,7.7755,8.0231,8.0794,?0.0000,?0.0000%
2012/10/1,8.1684,7.783,8.0308,8.0872,?0.0000,?0.0000%
2012/9/28,8.1684,7.7852,8.0331,8.0896,?0.0044,?0.0539%
2012/9/27,8.164,7.8322,8.0816,8.1383,?0.0097,?0.1190%
2012/9/26,8.1543,7.8346,8.084,8.1408,?0.0119,?0.1461%
2012/9/25,8.1424,7.8351,8.0846,8.1414,?0.0268,?0.3302%
2012/9/24,8.1156,7.8131,8.0619,8.1185,?0.0204,?0.2520%
2012/9/21,8.0952,7.7915,8.0396,8.0961,?0.0177,?0.2191%
2012/9/20,8.0775,7.7894,8.0374,8.0939,?0.0283,?0.3516%
2012/9/19,8.0492,7.7094,7.9548,8.0107,-0.0024,-0.03%
2012/9/18,8.0516,7.7565,8.0034,8.0596,-0.0513,-0.63%
2012/9/17,8.1029,7.7839,8.0318,8.0882,-0.0521,-0.64%
2012/9/14,8.155,7.7898,8.0378,8.0943,?0.0155,?0.1904%
2012/9/13,8.1395,7.8732,8.1238,8.1809,-0.0002,0.00%
2012/9/12,8.1397,7.8461,8.0959,8.1527,?0.0345,?0.4257%
2012/9/11,8.1052,7.8232,8.0723,8.129,?0.0069,?0.0852%
2012/9/10,8.0983,7.8152,8.064,8.1206,?0.0589,?0.7326%
2012/9/7,8.0394,7.8252,8.0744,8.1311,-0.047,-0.58%
2012/9/6,8.0864,7.8053,8.0538,8.1104,?0.0005,?0.0062%
2012/9/5,8.0859,7.8161,8.065,8.1217,-0.0081,-0.10%
2012/9/4,8.094,7.8159,8.0648,8.1214,-0.0071,-0.09%
2012/9/3,8.1011,7.8149,8.0637,8.1203,?0.0315,?0.3904%
2012/8/31,8.0696,7.8254,8.0745,8.1313,?0.0199,?0.2472%
2012/8/30,8.0497,7.7996,8.0479,8.1045,-0.0059,-0.07%
2012/8/29,8.0556,7.812,8.0607,8.1173,?0.0000,?0.0000%
2012/8/28,8.0556,7.8127,8.0615,8.1181,?0.0181,?0.2252%
2012/8/27,8.0375,7.8017,8.0501,8.1067,-0.0139,-0.17%
2012/8/24,8.0514,7.8153,8.0641,8.1208,-0.0072,-0.09%
2012/8/23,8.0586,7.811,8.0597,8.1163,?0.0736,?0.9217%
2012/8/22,7.985,7.7367,7.9831,8.0391,-0.0085,-0.11%
2012/8/21,7.9935,7.7277,7.9738,8.0298,?0.0092,?0.1152%
2012/8/20,7.9843,7.723,7.9689,8.0248,-0.0211,-0.26%
2012/8/17,8.0054,7.717,7.9627,8.0187,-0.026,-0.32%
2012/8/16,8.0314,7.7508,7.9976,8.0538,-0.0187,-0.23%
2012/8/15,8.0501,7.7808,8.0285,8.0849,-0.0386,-0.48%
2012/8/14,8.0887,7.8166,8.0655,8.1221,-0.0164,-0.20%
2012/8/13,8.1051,7.8537,8.1037,8.1607,?0.0332,?0.4113%
2012/8/10,8.0719,7.8502,8.1001,8.157,-0.0097,-0.12%
2012/8/9,8.0816,7.8313,8.0806,8.1374,?0.0218,?0.2705%
2012/8/8,8.0598,7.8409,8.0906,8.1474,-0.0419,-0.52%
2012/8/7,8.1017,7.8471,8.0969,8.1538,?0.0403,?0.4999%
2012/8/6,8.0614,7.8599,8.1102,8.1672,-0.0606,-0.75%
2012/8/3,8.122,7.8424,8.0921,8.149,?0.0450,?0.5571%
2012/8/2,8.077,7.8553,8.1054,8.1624,-0.0294,-0.36%
2012/8/1,8.1064,7.8654,8.1159,8.1729,?0.0036,?0.0444%
2012/7/31,8.1028,7.8549,8.105,8.1619,?0.0320,?0.3965%
2012/7/30,8.0708,7.8789,8.1298,8.1869,-0.0171,-0.21%
2012/7/27,8.0879,7.8397,8.0893,8.1461,-0.0237,-0.29%
2012/7/26,8.1116,7.8833,8.1343,8.1915,-0.0014,-0.02%
2012/7/25,8.113,7.8855,8.1366,8.1937,?0.0344,?0.4258%
2012/7/24,8.0786,7.8835,8.1346,8.1917,?0.0239,?0.2967%
2012/7/23,8.0547,7.9023,8.1539,8.2112,?0.0392,?0.4891%
2012/7/20,8.0155,7.84,8.09,8.15,-0.0055,-0.07%
2012/7/19,8.021,7.8219,8.0709,8.1276,?0.0355,?0.4446%
2012/7/18,7.9855,7.7853,8.0332,8.0896,-0.0247,-0.31%
2012/7/17,8.0102,7.7793,8.027,8.0834,?0.0264,?0.3307%
2012/7/16,7.9838,7.7992,8.0476,8.1041,?0.0013,?0.0163%
2012/7/13,7.9825,7.7707,8.0181,8.0745,?0.0406,?0.5112%
2012/7/12,7.9419,7.7574,8.0044,8.0606,-0.0309,-0.39%
2012/7/11,7.9728,7.7588,8.0058,8.0621,?0.0153,?0.1923%
2012/7/10,7.9575,7.744,7.9906,8.0467,-0.0042,-0.05%
2012/7/9,7.9617,7.7301,7.9763,8.0323,?0.0198,?0.2493%
2012/7/6,7.9419,7.6907,7.9356,7.9913,?0.0334,?0.4223%
2012/7/5,7.9085,7.6986,7.9438,7.9996,-0.0061,-0.08%
2012/7/4,7.9146,7.6771,7.9216,7.9772,-0.0335,-0.42%
2012/7/3,7.9481,7.6845,7.9292,7.9849,?0.0291,?0.3675%
2012/7/2,7.919,7.7085,7.954,8.0098,-0.0458,-0.58%
2012/6/29,7.9648,7.6868,7.9315,7.9873,?0.0280,?0.3528%
2012/6/28,7.9368,7.7437,7.9902,8.0464,-0.0236,-0.30%
2012/6/27,7.9604,7.718,7.9637,8.0197,?0.0209,?0.2632%
2012/6/26,7.9395,7.7379,7.9843,8.0404,?0.0995,?1.2691%
2012/6/25,7.84,7.7155,7.9611,8.017,-0.1008,-1.27%
2012/6/22,7.9408,7.6775,7.922,7.9776,?0.0000,?0.0000%
2012/6/21,7.9408,7.6436,7.887,7.9424,-0.0204,-0.26%
2012/6/20,7.9612,7.7779,8.0255,8.0819,-0.0199,-0.25%
2012/6/19,7.9811,7.782,8.0297,8.0861,?0.0254,?0.3193%
2012/6/18,7.9557,7.7833,8.0311,8.0875,?0.0048,?0.0604%
2012/6/15,7.9509,7.808,8.0566,8.1132,-0.0178,-0.22%
2012/6/14,7.9687,7.7528,7.9996,8.0558,?0.0195,?0.2453%
2012/6/13,7.9492,7.7195,7.9652,8.0212,-0.0288,-0.36%
2012/6/12,7.978,7.7394,7.9858,8.0419,?0.0451,?0.5685%
2012/6/11,7.9329,7.7447,7.9913,8.0475,-0.0166,-0.21%
2012/6/8,7.9495,7.743,7.9896,8.0457,-0.0262,-0.33%
2012/6/7,7.9757,7.7365,7.9828,8.0389,-0.0705,-0.88%
2012/6/6,8.0462,7.7533,8.0002,8.0564,-0.0225,-0.28%
2012/6/5,8.0687,7.8642,8.1146,8.1716,-0.0283,-0.35%
2012/6/4,8.097,7.8675,8.118,8.175,?0.0284,?0.3520%
2012/6/1,8.0686,7.8719,8.1227,8.188,?0.0393,?0.4895%
2012/5/31,8.0293,7.7967,8.0451,8.1097,?0.0689,?0.8655%
2012/5/30,7.9604,7.759,8.0061,8.0705,?0.0124,?0.1560%
2012/5/29,7.948,7.7033,7.9487,8.0126,-0.0032,-0.04%
2012/5/28,7.9512,7.7163,7.9621,8.0261,?0.0124,?0.1562%
2012/5/25,7.9388,7.6895,7.9345,7.9982,-0.0228,-0.29%
2012/5/24,7.9616,7.7078,7.9533,8.0172,?0.0601,?0.7606%
2012/5/23,7.9015,7.7016,7.9469,8.0108,-0.0442,-0.56%
2012/5/22,7.9457,7.6505,7.8942,7.9576,-0.026,-0.33%
2012/5/21,7.9717,7.6911,7.9361,7.9999,?0.0104,?0.1306%
2012/5/18,7.9613,7.7292,7.9754,8.0395,?0.0843,?1.0702%
2012/5/17,7.877,7.5936,7.8355,7.8985,?0.0142,?0.1806%
2012/5/16,7.8628,7.5861,7.8278,7.8907,-0.0334,-0.42%
2012/5/15,7.8962,7.6278,7.8708,7.934,?0.0226,?0.2870%
2012/5/14,7.8736,7.6159,7.8585,7.9217,-0.0057,-0.07%
2012/5/11,7.8793,7.6201,7.8628,7.926,-0.0155,-0.20%
2012/5/10,7.8948,7.6512,7.895,7.9584,?0.0234,?0.2973%
2012/5/9,7.8714,7.6477,7.8913,7.9547,?0.0184,?0.2343%
2012/5/8,7.853,7.6317,7.8749,7.9381,-0.0156,-0.20%
2012/5/7,7.8686,7.6305,7.8736,7.9369,?0.0441,?0.5636%
2012/5/4,7.8245,7.6169,7.8596,7.9227,?0.0006,?0.0077%
2012/5/3,7.8239,7.5744,7.8157,7.8784,?0.0150,?0.1921%
2012/5/2,7.8089,7.594,7.8359,7.8989,?0.0727,?0.9397%
2012/5/1,7.7362,7.6261,7.869,7.9322,?0.0000,?0.0000%
2012/4/30,7.7362,7.5914,7.8332,7.8961,?0.0000,?0.0000%
2012/4/27,7.7362,7.5716,7.8128,7.8755,?0.0115,?0.1489%
2012/4/26,7.7247,7.506,7.7451,7.8073,-0.0021,-0.03%
2012/4/25,7.7268,7.4957,7.7345,7.7967,-0.0374,-0.48%
2012/4/24,7.7642,7.4949,7.7337,7.7958,?0.0383,?0.4957%
2012/4/23,7.7259,7.5154,7.7548,7.8171,?0.0025,?0.0324%
2012/4/20,7.7234,7.4556,7.6931,7.7549,-0.0133,-0.17%
2012/4/19,7.7367,7.4661,7.7039,7.7658,-0.0227,-0.29%
2012/4/18,7.7594,7.4673,7.7052,7.7671,-0.0533,-0.68%
2012/4/17,7.8127,7.542,7.7822,7.8447,?0.0360,?0.4629%
2012/4/16,7.7767,7.5428,7.7831,7.8456,?0.0086,?0.1107%
2012/4/13,7.7681,7.5183,7.7578,7.8201,-0.0063,-0.08%
2012/4/12,7.7744,7.5261,7.7658,7.8282,-0.0292,-0.37%
2012/4/11,7.8036,7.5291,7.769,7.8314,?0.0932,?1.2088%
2012/4/10,7.7104,7.5,7.7389,7.8011,-0.0232,-0.30%
2012/4/9,7.7336,7.4925,7.7312,7.7933,?0.0704,?0.9187%
2012/4/6,7.6632,7.4605,7.6982,7.76,?0.0091,?0.1189%
2012/4/5,7.6541,7.4173,7.6536,7.7151,-0.0149,-0.19%
2012/4/4,7.669,7.3399,7.5738,7.6346,?0.0000,?0.0000%
2012/4/3,7.669,7.3971,7.6328,7.6941,?0.0000,?0.0000%
2012/4/2,7.669,7.3351,7.5687,7.6295,?0.0000,?0.0000%
2012/3/30,7.669,7.3987,7.6344,7.6957,?0.0616,?0.8097%
2012/3/29,7.6074,7.3889,7.6243,7.6856,?0.0272,?0.3588%
2012/3/28,7.5802,7.3424,7.5763,7.6372,?0.0032,?0.0422%
2012/3/27,7.577,7.3581,7.5925,7.6535,-0.0168,-0.22%
2012/3/26,7.5938,7.3572,7.5916,7.6526,-0.0137,-0.18%
2012/3/23,7.6075,7.386,7.6213,7.6825,?0.0553,?0.7322%
2012/3/22,7.5522,7.3403,7.5742,7.635,?0.0103,?0.1366%
2012/3/21,7.5419,7.2731,7.5048,7.5651,-0.0164,-0.22%
2012/3/20,7.5583,7.283,7.515,7.5754,?0.0058,?0.0768%
2012/3/19,7.5525,7.3235,7.5568,7.6175,-0.0105,-0.14%
2012/3/16,7.563,7.2901,7.5223,7.5828,?0.0185,?0.2452%
2012/3/15,7.5445,7.3235,7.5569,7.6175,-0.0712,-0.93%
2012/3/14,7.6157,7.3317,7.5653,7.626,-0.0609,-0.79%
2012/3/13,7.6766,7.3853,7.6205,7.6818,-0.0163,-0.21%
2012/3/12,7.6929,7.4211,7.6575,7.719,-0.0343,-0.44%
2012/3/9,7.7272,7.4564,7.694,7.7558,-0.0551,-0.71%
2012/3/8,7.7823,7.478,7.7162,7.7782,-0.0464,-0.59%
2012/3/7,7.8287,7.5386,7.7788,7.8412,?0.0775,?0.9998%
2012/3/6,7.7512,7.522,7.7616,7.824,?0.0134,?0.1732%
2012/3/5,7.7378,7.4955,7.7343,7.7964,-0.0112,-0.14%
2012/3/2,7.749,7.4554,7.6929,7.7547,-0.014,-0.18%
2012/3/1,7.763,7.5006,7.7395,7.8017,-0.0477,-0.61%
2012/2/29,7.8107,7.5511,7.7916,7.8542,-0.0295,-0.38%
2012/2/28,7.8402,7.5412,7.7815,7.844,?0.0868,?1.1195%
2012/2/27,7.7534,7.5673,7.8084,7.8711,-0.1118,-1.42%
2012/2/24,7.8652,7.5401,7.7803,7.8428,?0.0182,?0.2319%
2012/2/23,7.847,7.5948,7.8367,7.8997,-0.0428,-0.54%
2012/2/22,7.8898,7.579,7.8204,7.8833,-0.0093,-0.12%
2012/2/21,7.8991,7.6153,7.8579,7.921,-0.0062,-0.08%
2012/2/20,7.9053,7.6551,7.8989,7.9624,-0.0713,-0.89%
2012/2/17,7.9766,7.6907,7.9357,7.9995,-0.0513,-0.64%
2012/2/16,8.0279,7.7263,7.9724,8.0365,?0.0021,?0.0262%
2012/2/15,8.0258,7.7475,7.9943,8.0585,-0.0906,-1.12%
2012/2/14,8.1164,7.789,8.0371,8.1017,?0.0219,?0.2706%
2012/2/13,8.0945,7.8231,8.0723,8.1372,-0.0081,-0.10%
2012/2/10,8.1026,7.84,8.0897,8.1547,-0.0714,-0.87%
2012/2/9,8.174,7.8731,8.1239,8.1892,-0.0214,-0.26%
2012/2/8,8.1954,7.8849,8.136,8.2014,-0.0491,-0.60%
2012/2/7,8.2445,7.9297,8.1823,8.248,-0.0033,-0.04%
2012/2/6,8.2478,7.9496,8.2028,8.2687,-0.0317,-0.38%
2012/2/3,8.2795,7.9424,8.1954,8.2612,-0.0051,-0.06%
2012/2/2,8.2846,7.9891,8.2436,8.3098,?0.0050,?0.0604%
2012/2/1,8.2796,8.0025,8.2575,8.3238,?0.0147,?0.1779%
2012/1/31,8.2649,7.9864,8.2408,8.307,?0.0497,?0.6050%
2012/1/30,8.2152,7.9677,8.2215,8.2876,?0.0266,?0.3248%
2012/1/27,8.1886,7.9445,8.1976,8.2635,?0.0000,?0.0000%
2012/1/26,8.1886,7.8633,8.1138,8.179,?0.0000,?0.0000%
2012/1/25,8.1886,7.8085,8.0572,8.122,?0.0000,?0.0000%
2012/1/24,8.1886,7.9241,8.1766,8.2422,?0.0000,?0.0000%
2012/1/23,8.1886,7.9298,8.1824,8.2481,?0.0000,?0.0000%
2012/1/20,8.1886,7.9257,8.1781,8.2438,-0.0397,-0.48%
2012/1/19,8.2283,7.9475,8.2007,8.2665,-0.0031,-0.04%
2012/1/18,8.2314,7.9414,8.1944,8.2602,-0.0016,-0.02%
2012/1/17,8.233,7.9491,8.2023,8.2682,-0.0051,-0.06%
2012/1/16,8.2381,7.9337,8.1864,8.2522,?0.0093,?0.1130%
2012/1/13,8.2288,7.9368,8.1896,8.2554,?0.0070,?0.0851%
2012/1/12,8.2218,7.9262,8.1787,8.2444,?0.0097,?0.1181%
2012/1/11,8.2121,7.9234,8.1759,8.2415,-0.0047,-0.06%
2012/1/10,8.2168,7.9301,8.1827,8.2484,?0.0006,?0.0073%
2012/1/9,8.2162,7.9246,8.1771,8.2427,?0.0346,?0.4229%
2012/1/6,8.1816,7.8891,8.1405,8.2059,-0.0413,-0.50%
2012/1/5,8.2229,7.9188,8.1711,8.2367,?0.0031,?0.0377%
2012/1/4,8.2198,7.927,8.1796,8.2453,?0.1095,?1.3501%
2012/1/3,8.1103,7.8866,8.1378,8.2032,?0.0000,?0.0000%
2012/1/2,8.1103,7.8866,8.1378,8.2032,?0.0000,?0.0000%
2011/12/30,8.1103,7.9148,8.167,8.2326,?0.0018,?0.0222%
2011/12/29,8.1085,7.8421,8.0919,8.1569,-0.0085,-0.10%
2011/12/28,8.117,7.8487,8.0987,8.1638,?0.0154,?0.1901%
2011/12/27,8.1016,7.8384,8.0881,8.1531,?0.0043,?0.0531%
2011/12/26,8.0973,7.8213,8.0704,8.1353,?0.0169,?0.2091%
2011/12/23,8.0804,7.837,8.0867,8.1516,-0.0181,-0.22%
2011/12/22,8.0985,7.8379,8.0876,8.1526,-0.0243,-0.30%
2011/12/21,8.1228,7.8717,8.1225,8.1877,?0.0014,?0.0172%
2011/12/20,8.1214,7.8642,8.1147,8.1799,-0.0074,-0.09%
2011/12/19,8.1288,7.853,8.1032,8.1683,-0.0094,-0.12%
2011/12/16,8.1382,7.8831,8.1343,8.1996,?0.0130,?0.1600%
2011/12/15,8.1252,7.8878,8.1391,8.2045,-0.002,-0.02%
2011/12/14,8.1272,7.886,8.1372,8.2026,-0.003,-0.04%
2011/12/13,8.1302,7.8952,8.1468,8.2122,-0.0219,-0.27%
2011/12/12,8.1521,7.8883,8.1396,8.205,-0.0008,-0.01%
2011/12/9,8.1529,7.9061,8.1579,8.2235,-0.002,-0.02%
2011/12/8,8.1549,7.9164,8.1686,8.2342,?0.0043,?0.0528%
2011/12/7,8.1506,7.9069,8.1588,8.2243,?0.0095,?0.1167%
2011/12/6,8.1411,7.9021,8.1538,8.2193,?0.0293,?0.3612%
2011/12/5,8.1118,7.884,8.1352,8.2005,-0.031,-0.38%
2011/12/2,8.1428,7.8926,8.144,8.2094,-0.0181,-0.22%
2011/12/1,8.1609,7.9199,8.1723,8.2379,?0.0295,?0.3628%
2011/11/30,8.1314,7.8922,8.1437,8.2091,-0.002,-0.02%
2011/11/29,8.1334,7.9052,8.1571,8.2226,-0.0537,-0.66%
2011/11/28,8.1871,7.9306,8.1833,8.249,-0.0384,-0.47%
2011/11/25,8.2255,7.9535,8.2069,8.2728,-0.0111,-0.13%
2011/11/24,8.2366,7.9578,8.2113,8.2773,-0.0147,-0.18%
2011/11/23,8.2513,7.9677,8.2216,8.2876,-0.0069,-0.08%
2011/11/22,8.2582,7.9832,8.2376,8.3037,-0.0016,-0.02%
2011/11/21,8.2598,7.9956,8.2503,8.3165,?0.0047,?0.0569%
2011/11/18,8.2551,7.9951,8.2498,8.3161,?0.0052,?0.0630%
2011/11/17,8.2499,7.967,8.2208,8.2868,?0.0111,?0.1347%
2011/11/16,8.2388,7.958,8.2116,8.2775,?0.0126,?0.1532%
2011/11/15,8.2262,7.9585,8.212,8.278,?0.0282,?0.3440%
2011/11/14,8.198,7.9818,8.2361,8.3022,?0.0370,?0.4534%
2011/11/11,8.161,7.9142,8.1663,8.2319,?0.0278,?0.3418%
2011/11/10,8.1332,7.8875,8.1388,8.2041,-0.0005,-0.01%
2011/11/9,8.1337,7.8712,8.122,8.1872,?0.0324,?0.3999%
2011/11/8,8.1013,7.8529,8.1031,8.1682,?0.0102,?0.1261%
2011/11/7,8.0911,7.8466,8.0966,8.1616,-0.0054,-0.07%
2011/11/4,8.0965,7.8406,8.0904,8.1554,?0.0020,?0.0247%
2011/11/3,8.0945,7.8594,8.1098,8.1749,?0.0085,?0.1051%
2011/11/2,8.086,7.8662,8.1168,8.182,?0.0165,?0.2045%
2011/11/1,8.0695,7.8436,8.0935,8.1585,-0.2825,-3.38%
2011/10/31,8.352,7.8587,8.109,8.1742,?0.0183,?0.2196%
2011/10/28,8.3337,8.103,8.3611,8.4283,?0.0094,?0.1129%
2011/10/27,8.3243,8.0845,8.3421,8.4091,-0.0142,-0.17%
2011/10/26,8.3385,8.0772,8.3345,8.4015,?0.0123,?0.1477%
2011/10/25,8.3262,8.0511,8.3076,8.3743,?0.0012,?0.0144%
2011/10/24,8.325,8.0768,8.3341,8.401,?0.0466,?0.5629%
2011/10/21,8.2784,8.0349,8.2908,8.3574,-0.0069,-0.08%
2011/10/20,8.2853,8.0304,8.2863,8.3528,-0.0238,-0.29%
2011/10/19,8.3091,8.0108,8.266,8.3324,?0.0138,?0.1664%
2011/10/18,8.2953,8.0189,8.2744,8.3408,?0.0523,?0.6345%
2011/10/17,8.243,7.9463,8.1994,8.2653,-0.0432,-0.52%
2011/10/14,8.2862,7.988,8.2425,8.3087,?0.0253,?0.3063%
2011/10/13,8.2609,8.0258,8.2815,8.348,-0.0287,-0.35%
2011/10/12,8.2896,8.0127,8.2679,8.3343,?0.0171,?0.2067%
2011/10/11,8.2725,8.0149,8.2702,8.3367,-0.0053,-0.06%
2011/10/10,8.2778,8.0025,8.2574,8.3237,-0.02,-0.24%
2011/10/7,8.2978,8.0353,8.2912,8.3578,?0.0000,?0.0000%
2011/10/6,8.2978,8.0321,8.288,8.3546,?0.0000,?0.0000%
2011/10/5,8.2978,8.018,8.2734,8.3399,?0.0000,?0.0000%
2011/10/4,8.2978,8.0332,8.2891,8.3556,?0.0000,?0.0000%
2011/10/3,8.2978,7.9863,8.2407,8.3069,?0.0000,?0.0000%
2011/9/30,8.2978,8.017,8.2723,8.3388,-0.0293,-0.35%
2011/9/29,8.3271,8.0535,8.3101,8.3768,?0.0120,?0.1443%
2011/9/28,8.3151,8.0664,8.3233,8.3902,-0.0354,-0.42%
2011/9/27,8.3505,8.0773,8.3346,8.4016,?0.0235,?0.2822%
2011/9/26,8.327,8.0773,8.3346,8.4016,-0.046,-0.55%
2011/9/23,8.373,8.0872,8.3448,8.4119,?0.0533,?0.6406%
2011/9/22,8.3197,8.0701,8.3272,8.3941,-0.0345,-0.41%
2011/9/21,8.3542,8.0735,8.3307,8.3976,?0.0262,?0.3146%
2011/9/20,8.328,8.0552,8.3118,8.3786,?0.0312,?0.3760%
2011/9/19,8.2968,8.0244,8.2801,8.3466,-0.0096,-0.12%
2011/9/16,8.3064,8.0307,8.2866,8.3531,-0.0181,-0.22%
2011/9/15,8.3245,8.0478,8.3042,8.3709,?0.0119,?0.1432%
2011/9/14,8.3126,8.031,8.2869,8.3535,?0.0199,?0.2400%
2011/9/13,8.2927,8.0145,8.2698,8.3362,?0.0516,?0.6261%
2011/9/12,8.2411,7.9478,8.201,8.2669,?0.0000,?0.0000%
2011/9/9,8.2411,7.9258,8.1783,8.2439,-0.0128,-0.16%
2011/9/8,8.2539,7.9681,8.222,8.288,?0.0010,?0.0121%
2011/9/7,8.2529,7.9909,8.2455,8.3117,-0.0588,-0.71%
2011/9/6,8.3117,7.9915,8.2461,8.3123,-0.0077,-0.09%
2011/9/5,8.3194,8.0246,8.2802,8.3468,?0.0169,?0.2036%
2011/9/2,8.3025,8.0195,8.2749,8.3414,-0.0006,-0.01%
2011/9/1,8.3031,8.0097,8.2648,8.3312,-0.0265,-0.32%
2011/8/31,8.3296,8.0402,8.2964,8.363,?0.0267,?0.3216%
2011/8/30,8.3029,8.0191,8.2746,8.3411,-0.019,-0.23%
2011/8/29,8.3219,8.0424,8.2986,8.3652,?0.0575,?0.6958%
2011/8/26,8.2644,8.0492,8.3056,8.3723,-0.0449,-0.54%
2011/8/25,8.3093,7.998,8.2528,8.319,-0.0056,-0.07%
2011/8/24,8.3149,8.0575,8.3142,8.381,-0.014,-0.17%
2011/8/23,8.3289,8.071,8.3281,8.395,-0.0089,-0.11%
2011/8/22,8.3378,8.0405,8.2966,8.3633,?0.0095,?0.1141%
2011/8/19,8.3283,8.0673,8.3243,8.3912,-0.0138,-0.17%
2011/8/18,8.3421,8.0462,8.3026,8.3693,?0.0060,?0.0720%
2011/8/17,8.3361,8.0501,8.3065,8.3732,?0.0174,?0.2092%
2011/8/16,8.3187,8.0227,8.2783,8.3448,?0.0113,?0.1360%
2011/8/15,8.3074,8.0277,8.2835,8.35,-0.0012,-0.01%
2011/8/12,8.3086,8.0407,8.2969,8.3635,-0.0046,-0.06%
2011/8/11,8.3132,8.0634,8.3203,8.3871,-0.0104,-0.12%
2011/8/10,8.3236,8.087,8.3446,8.4117,?0.0175,?0.2107%
2011/8/9,8.3061,8.0561,8.3127,8.3795,?0.0766,?0.9308%
2011/8/8,8.2295,7.9838,8.2381,8.3043,?0.0727,?0.8913%
2011/8/5,8.1568,7.9221,8.1744,8.2401,-0.1925,-2.31%
2011/8/4,8.3493,7.7899,8.038,8.1026,?0.0090,?0.1079%
2011/8/3,8.3403,8.0555,8.3122,8.3789,?0.0061,?0.0732%
2011/8/2,8.3342,8.0343,8.2902,8.3568,?0.0657,?0.7946%
2011/8/1,8.2685,8.02,8.2755,8.3419,-0.0161,-0.19%
2011/7/29,8.2846,8.0045,8.2595,8.3258,?0.0143,?0.1729%
2011/7/28,8.2703,8.0032,8.2581,8.3245,?0.0037,?0.0448%
2011/7/27,8.2666,8.0055,8.2606,8.3269,?0.0324,?0.3935%
2011/7/26,8.2342,7.9676,8.2214,8.2874,?0.0052,?0.0632%
2011/7/25,8.229,7.9566,8.2101,8.276,?0.0209,?0.2546%
2011/7/22,8.2081,7.9442,8.1973,8.2631,?0.0157,?0.1916%
2011/7/21,8.1924,7.894,8.1455,8.2109,?0.0487,?0.5980%
2011/7/20,8.1437,7.8979,8.1495,8.2149,-0.0431,-0.53%
2011/7/19,8.1868,7.8942,8.1457,8.2111,?0.0005,?0.0061%
2011/7/18,8.1863,7.8971,8.1487,8.2141,?0.0081,?0.0990%
2011/7/15,8.1782,7.8877,8.139,8.2044,-0.0311,-0.38%
2011/7/14,8.2093,7.8943,8.1458,8.2112,?0.0643,?0.7894%
2011/7/13,8.145,7.8773,8.1282,8.1935,?0.0712,?0.8819%
2011/7/12,8.0738,7.8372,8.0868,8.1518,?0.0598,?0.7462%
2011/7/11,8.014,7.7313,7.9776,8.0417,?0.0537,?0.6746%
2011/7/8,7.9603,7.6706,7.915,7.9786,-0.0328,-0.41%
2011/7/7,7.9931,7.7106,7.9562,8.0201,-0.0028,-0.04%
2011/7/6,7.9959,7.7114,7.957,8.021,?0.0001,?0.0013%
2011/7/5,7.9958,7.691,7.936,7.9997,-0.0053,-0.07%
2011/7/4,8.0011,7.7431,7.9898,8.0539,-0.0045,-0.06%
2011/7/1,8.0056,7.7337,7.9801,8.0442,-0.0187,-0.23%
2011/6/30,8.0243,7.7561,8.0032,8.0675,?0.0310,?0.3878%
2011/6/29,7.9933,7.6892,7.9341,7.9978,-0.0214,-0.27%
2011/6/28,8.0147,7.7237,7.9697,8.0337,-0.0004,-0.01%
2011/6/27,8.0151,7.7423,7.989,8.0531,-0.0249,-0.31%
2011/6/24,8.04,7.7936,8.0419,8.1065,-0.0067,-0.08%
2011/6/23,8.0467,7.7444,7.9911,8.0553,-0.01,-0.12%
2011/6/22,8.0567,7.7757,8.0234,8.0878,-0.0119,-0.15%
2011/6/21,8.0686,7.7794,8.0272,8.0917,?0.0023,?0.0285%
2011/6/20,8.0663,7.7933,8.0416,8.1062,?0.0385,?0.4796%
2011/6/17,8.0278,7.7729,8.0206,8.085,?0.0161,?0.2010%
2011/6/16,8.0117,7.7455,7.9922,8.0564,-0.031,-0.39%
2011/6/15,8.0427,7.7577,8.0048,8.0691,-0.0444,-0.55%
2011/6/14,8.0871,7.7959,8.0442,8.1088,?0.0185,?0.2293%
2011/6/13,8.0686,7.786,8.0341,8.0986,-0.0002,0.00%
2011/6/10,8.0688,7.8144,8.0633,8.1281,-0.036,-0.44%
2011/6/9,8.1048,7.8119,8.0607,8.1255,?0.0226,?0.2796%
2011/6/8,8.0822,7.8283,8.0776,8.1425,?0.0014,?0.0173%
2011/6/7,8.0808,7.7969,8.0452,8.1099,?0.0603,?0.7518%
2011/6/6,8.0205,7.795,8.0434,8.108,?0.0000,?0.0000%
2011/6/3,8.0205,7.7814,8.0293,8.0938,?0.0183,?0.2287%
2011/6/2,8.0022,7.7358,7.9823,8.0464,?0.0360,?0.4519%
2011/6/1,7.9662,7.6934,7.9385,8.0022,-0.0552,-0.69%
2011/5/31,8.0214,7.6623,7.9064,7.9699,?0.0046,?0.0574%
2011/5/30,8.0168,7.7433,7.9899,8.0541,?0.0269,?0.3367%
2011/5/27,7.9899,7.7562,8.0033,8.0676,?0.0684,?0.8635%
2011/5/26,7.9215,7.6624,7.9065,7.97,?0.0139,?0.1758%
2011/5/25,7.9076,7.636,7.8793,7.9426,-0.036,-0.45%
2011/5/24,7.9436,7.6637,7.9079,7.9714,?0.0020,?0.0252%
2011/5/23,7.9416,7.7059,7.9514,8.0152,-0.0098,-0.12%
2011/5/20,7.9514,7.6886,7.9335,7.9973,-0.0158,-0.20%
2011/5/19,7.9672,7.6616,7.9056,7.9691,-0.0306,-0.38%
2011/5/18,7.9978,7.7464,7.9932,8.0574,-0.0417,-0.52%
2011/5/17,8.0395,7.6861,7.9309,7.9946,-0.0101,-0.13%
2011/5/16,8.0496,7.7692,8.0167,8.0811,?0.0124,?0.1543%
2011/5/13,8.0372,7.7807,8.0286,8.093,?0.0173,?0.2157%
2011/5/12,8.0199,7.7611,8.0083,8.0726,-0.0182,-0.23%
2011/5/11,8.0381,7.7627,8.0099,8.0743,-0.0538,-0.66%
2011/5/10,8.0919,7.7659,8.0133,8.0777,?0.0399,?0.4955%
2011/5/9,8.052,7.7606,8.0078,8.0722,-0.0224,-0.28%
2011/5/6,8.0744,7.8017,8.0502,8.1149,?0.0063,?0.0781%
2011/5/5,8.0681,7.8446,8.0945,8.1595,?0.0393,?0.4895%
2011/5/4,8.0288,7.7361,7.9825,8.0466,?0.0113,?0.1409%
2011/5/3,8.0175,7.7406,7.9872,8.0513,?0.0457,?0.5733%
2011/5/2,7.9718,7.7249,7.9709,8.035,?0.0000,?0.0000%
2011/4/29,7.9718,7.6907,7.9357,7.9995,?0.0407,?0.5132%
2011/4/28,7.9311,7.6768,7.9213,7.985,-0.0498,-0.62%
2011/4/27,7.9809,7.6539,7.8978,7.9612,?0.0062,?0.0777%
2011/4/26,7.9747,7.7024,7.9478,8.0116,?0.0456,?0.5751%
2011/4/25,7.9291,7.6846,7.9294,7.9931,-0.0386,-0.48%
2011/4/22,7.9677,7.6678,7.9121,7.9756,?0.0377,?0.4754%
2011/4/21,7.93,7.6763,7.9209,7.9845,?0.0471,?0.5975%
2011/4/20,7.8829,7.6066,7.8489,7.912,-0.0268,-0.34%
2011/4/19,7.9097,7.6313,7.8744,7.9377,?0.0500,?0.6362%
2011/4/18,7.8597,7.6134,7.856,7.9191,?0.0518,?0.6634%
2011/4/15,7.8079,7.5838,7.8254,7.8883,?0.0006,?0.0077%
2011/4/14,7.8073,7.5833,7.8248,7.8877,?0.0355,?0.4568%
2011/4/13,7.7718,7.5038,7.7428,7.805,?0.0123,?0.1585%
2011/4/12,7.7595,7.4838,7.7222,7.7842,?0.0666,?0.8657%
2011/4/11,7.6929,7.4565,7.6941,7.7559,?0.0077,?0.1002%
2011/4/8,7.6852,7.395,7.6306,7.6919,?0.0233,?0.3041%
2011/4/7,7.6619,7.43,7.6667,7.7283,-0.034,-0.44%
2011/4/6,7.6959,7.4274,7.664,7.7255,-0.1573,-2.00%
2011/4/5,7.8532,7.5105,7.7497,7.812,?0.0000,?0.0000%
2011/4/4,7.8532,7.5185,7.758,7.8204,?0.0000,?0.0000%
2011/4/1,7.8532,7.5633,7.8043,7.8669,-0.0351,-0.45%
2011/3/31,7.8883,7.6218,7.8646,7.9277,-0.0654,-0.82%
2011/3/30,7.9537,7.6147,7.8573,7.9204,-0.091,-1.13%
2011/3/29,8.0447,7.7334,7.9798,8.0439,?0.0028,?0.0348%
2011/3/28,8.0419,7.7463,7.9931,8.0573,-0.0549,-0.68%
2011/3/25,8.0968,7.7833,8.0312,8.0957,-0.0091,-0.11%
2011/3/24,8.1059,7.8209,8.0701,8.1349,?0.0125,?0.1544%
2011/3/23,8.0934,7.8339,8.0835,8.1484,-0.0069,-0.09%
2011/3/22,8.1003,7.805,8.0536,8.1183,-0.0074,-0.09%
2011/3/21,8.1077,7.7955,8.0439,8.1085,?0.0105,?0.1297%
2011/3/18,8.0972,7.7781,8.0259,8.0904,-0.1771,-2.14%
2011/3/17,8.2743,8.0476,8.304,8.3707,?0.1725,?2.1292%
2011/3/16,8.1018,7.858,8.1083,8.1734,?0.0780,?0.9721%
2011/3/15,8.0238,7.7908,8.0389,8.1035,?0.0110,?0.1373%
2011/3/14,8.0128,7.7444,7.9911,8.0553,?0.0839,?1.0582%
2011/3/11,7.9289,7.6653,7.9095,7.9731,-0.0079,-0.10%
2011/3/10,7.9368,7.6584,7.9024,7.9658,?0.0034,?0.0429%
2011/3/9,7.9334,7.6608,7.9049,7.9683,-0.0504,-0.63%
2011/3/8,7.9838,7.7038,7.9492,8.0131,?0.0131,?0.1644%
2011/3/7,7.9707,7.7149,7.9607,8.0247,-0.0034,-0.04%
2011/3/4,7.9741,7.6891,7.9341,7.9978,-0.0551,-0.69%
2011/3/3,8.0292,7.7513,7.9982,8.0624,?0.0014,?0.0174%
2011/3/2,8.0278,7.7341,7.9805,8.0446,?0.0056,?0.0698%
2011/3/1,8.0222,7.7185,7.9644,8.0283,-0.0238,-0.30%
2011/2/28,8.046,7.7571,8.0042,8.0685,?0.0205,?0.2554%
2011/2/25,8.0255,7.7387,7.9852,8.0494,?0.0315,?0.3940%
2011/2/24,7.994,7.758,8.0051,8.0694,?0.0519,?0.6535%
2011/2/23,7.9421,7.6692,7.9135,7.977,?0.0072,?0.0907%
2011/2/22,7.9349,7.6612,7.9053,7.9688,?0.0315,?0.3986%
2011/2/21,7.9034,7.6217,7.8645,7.9277,?0.0098,?0.1242%
2011/2/18,7.8936,7.6081,7.8505,7.9135,?0.0251,?0.3190%
2011/2/17,7.8685,7.6099,7.8523,7.9154,?0.0024,?0.0305%
2011/2/16,7.8661,7.6036,7.8458,7.9088,-0.0466,-0.59%
2011/2/15,7.9127,7.6162,7.8589,7.922,-0.012,-0.15%
2011/2/14,7.9247,7.6424,7.8859,7.9492,?0.0049,?0.0619%
2011/2/11,7.9198,7.6207,7.8635,7.9267,-0.0643,-0.81%
2011/2/10,7.9841,7.6916,7.9367,8.0004,-0.0195,-0.24%
2011/2/9,8.0036,7.7159,7.9617,8.0257,-0.0187,-0.23%
2011/2/1,8.0223,7.7588,8.0059,8.0702,?0.0000,?0.0000%
2011/1/31,8.0223,7.7588,8.0059,8.0702,?0.0602,?0.7561%
2011/1/28,7.9621,7.6935,7.9386,8.0024,-0.0618,-0.77%
2011/1/27,8.0239,7.6726,7.917,7.9806,?0.0139,?0.1735%
2011/1/26,8.01,7.7301,7.9764,8.0404,?0.0365,?0.4578%
2011/1/25,7.9735,7.7122,7.9578,8.0218,?0.0065,?0.0816%
2011/1/24,7.967,7.6712,7.9156,7.9791,?0.0246,?0.3097%
2011/1/21,7.9424,7.6688,7.9131,7.9766,-0.0731,-0.91%
2011/1/20,8.0155,7.7346,7.981,8.0451,?0.0459,?0.5759%
2011/1/19,7.9696,7.7308,7.9771,8.0412,?0.0050,?0.0628%
2011/1/18,7.9646,7.7021,7.9475,8.0113,?0.0204,?0.2568%
2011/1/17,7.9442,7.6968,7.942,8.0058,-0.0176,-0.22%
2011/1/14,7.9618,7.6951,7.9403,8.0041,?0.0180,?0.2266%
2011/1/13,7.9438,7.6762,7.9207,7.9844,?0.0048,?0.0605%
2011/1/12,7.939,7.673,7.9174,7.981,-0.0499,-0.62%
2011/1/11,7.9889,7.6895,7.9344,7.9982,-0.0088,-0.11%
2011/1/10,7.9977,7.7023,7.9476,8.0115,?0.0360,?0.4522%
2011/1/7,7.9617,7.6602,7.9042,7.9677,-0.0025,-0.03%
2011/1/6,7.9642,7.6988,7.944,8.0078,-0.121,-1.50%
2011/1/5,8.0852,7.7897,8.0378,8.1024,-0.0125,-0.15%
2011/1/4,8.0977,7.7693,8.0168,8.0812,-0.0283,-0.35%
2010/12/31,8.126,7.8203,8.0694,8.1342,-0.0137,-0.17%
2010/12/30,8.1397,7.8172,8.0663,8.1311,?0.0946,?1.1759%
2010/12/29,8.0451,7.7822,8.0301,8.0946,?0.0325,?0.4056%
2010/12/28,8.0126,7.7577,8.0049,8.0692,?0.0187,?0.2339%
2010/12/27,7.9939,7.7331,7.9794,8.0435,?0.0085,?0.1064%
2010/12/24,7.9854,7.7152,7.961,8.025,?0.0311,?0.3910%
2010/12/23,7.9543,7.7246,7.9706,8.0347,?0.0135,?0.1700%
2010/12/22,7.9408,7.6697,7.9141,7.9776,-0.0106,-0.13%
2010/12/21,7.9514,7.6774,7.922,7.9856,?0.0300,?0.3787%
2010/12/20,7.9214,7.6876,7.9325,7.9962,-0.0059,-0.07%
2010/12/17,7.9273,7.6506,7.8943,7.9577,?0.0181,?0.2288%
2010/12/16,7.9092,7.6255,7.8684,7.9316,-0.029,-0.37%
2010/12/15,7.9382,7.6473,7.8909,7.9543,-0.0253,-0.32%
2010/12/14,7.9635,7.7112,7.9569,8.0208,?0.0233,?0.2934%
2010/12/13,7.9402,7.6611,7.9051,7.9686,-0.0063,-0.08%
2010/12/10,7.9465,7.6817,7.9264,7.9901,?0.0044,?0.0554%
2010/12/9,7.9421,7.6514,7.8952,7.9586,-0.0287,-0.36%
2010/12/8,7.9708,7.656,7.8999,7.9634,-0.0879,-1.09%
2010/12/7,8.0587,7.7596,8.0068,8.0711,?0.0308,?0.3837%
2010/12/6,8.0279,7.7609,8.0081,8.0724,?0.0736,?0.9253%
2010/12/3,7.9543,7.6896,7.9345,7.9983,?0.0295,?0.3722%
2010/12/2,7.9248,7.6501,7.8938,7.9572,-0.0616,-0.77%
2010/12/1,7.9864,7.6786,7.9232,7.9868,?0.0574,?0.7239%
2010/11/30,7.929,7.6592,7.9032,7.9666,?0.0013,?0.0164%
2010/11/29,7.9277,7.6519,7.8957,7.9591,-0.0204,-0.26%
2010/11/26,7.9481,7.6641,7.9082,7.9717,-0.0266,-0.33%
2010/11/25,7.9747,7.6847,7.9295,7.9932,-0.0153,-0.19%
2010/11/24,7.99,7.7292,7.9754,8.0395,?0.0139,?0.1743%
2010/11/23,7.9761,7.6702,7.9145,7.9781,?0.0277,?0.3485%
2010/11/22,7.9484,7.6785,7.9231,7.9868,?0.0006,?0.0075%
2010/11/19,7.9478,7.6981,7.9434,8.0072,-0.041,-0.51%
2010/11/18,7.9888,7.6993,7.9445,8.0083,?0.0173,?0.2170%
2010/11/17,7.9715,7.6819,7.9266,7.9903,-0.0195,-0.24%
2010/11/16,7.991,7.7002,7.9455,8.0093,-0.0452,-0.56%
2010/11/15,8.0362,7.7346,7.981,8.0451,-0.004,-0.05%
2010/11/12,8.0402,7.8037,8.0523,8.117,-0.014,-0.17%
2010/11/11,8.0542,7.7791,8.0269,8.0914,-0.0777,-0.96%
2010/11/10,8.1319,7.8311,8.0805,8.1455,-0.0666,-0.81%
2010/11/9,8.1985,7.9543,8.2077,8.2736,-0.0153,-0.19%
2010/11/8,8.2138,7.9531,8.2065,8.2724,-0.0122,-0.15%
2010/11/5,8.226,7.9635,8.2172,8.2832,?0.0112,?0.1363%
2010/11/4,8.2148,7.9463,8.1995,8.2653,-0.0717,-0.87%
2010/11/3,8.2865,7.9758,8.2298,8.2959,-0.0143,-0.17%
2010/11/2,8.3008,7.9807,8.235,8.3011,?0.0013,?0.0157%
2010/11/1,8.2995,8.0371,8.2932,8.3598,?0.0347,?0.4199%
2010/10/29,8.2648,7.9721,8.2261,8.2922,?0.0547,?0.6663%
2010/10/28,8.2101,7.9402,8.1932,8.259,-0.001,-0.01%
2010/10/27,8.2111,7.9027,8.1545,8.22,-0.0582,-0.70%
2010/10/26,8.2693,7.9315,8.1842,8.25,?0.0479,?0.5826%
2010/10/25,8.2214,7.973,8.227,8.2931,?0.0029,?0.0353%
2010/10/22,8.2185,7.9063,8.1582,8.2237,-0.0058,-0.07%
2010/10/21,8.2243,7.9258,8.1783,8.244,?0.0221,?0.2694%
2010/10/20,8.2022,7.9025,8.1542,8.2197,?0.0065,?0.0793%
2010/10/19,8.1957,7.8783,8.1292,8.1945,?0.0156,?0.1907%
2010/10/18,8.1801,7.8989,8.1505,8.216,?0.0270,?0.3312%
2010/10/15,8.1531,7.867,8.1176,8.1828,-0.008,-0.10%
2010/10/14,8.1611,7.9233,8.1757,8.2414,?0.0134,?0.1645%
2010/10/13,8.1477,7.8608,8.1113,8.1764,?0.0237,?0.2917%
2010/10/12,8.124,7.8459,8.0959,8.1609,-0.0036,-0.04%
2010/10/11,8.1276,7.8465,8.0965,8.1615,?0.0236,?0.2912%
2010/10/8,8.104,7.8588,8.1091,8.1743,?0.1041,?1.3013%
2010/9/30,7.9999,7.8349,8.0845,8.1494,?0.0299,?0.3752%
2010/9/29,7.97,7.7127,7.9584,8.0223,?0.0176,?0.2213%
2010/9/28,7.9524,7.6672,7.9115,7.975,-0.0066,-0.08%
2010/9/27,7.959,7.6679,7.9122,7.9757,?0.1386,?1.7723%
2010/9/21,7.8204,7.563,7.8039,7.8666,-0.0072,-0.09%
2010/9/20,7.8276,7.5627,7.8036,7.8663,-0.0072,-0.09%
2010/9/17,7.8348,7.5645,7.8055,7.8682,-0.0148,-0.19%
2010/9/16,7.8496,7.5855,7.8272,7.89,-0.2445,-3.02%
2010/9/15,8.0941,7.6219,7.8648,7.9279,?0.0108,?0.1336%
2010/9/14,8.0833,7.8176,8.0666,8.1314,?0.0680,?0.8484%
2010/9/13,8.0153,7.7651,8.0124,8.0768,-0.0272,-0.34%
2010/9/10,8.0425,7.7654,8.0128,8.0771,-0.0334,-0.41%
2010/9/9,8.0759,7.8392,8.0889,8.1539,-0.0213,-0.26%
2010/9/8,8.0972,7.8252,8.0745,8.1393,?0.0427,?0.5301%
2010/9/7,8.0545,7.8173,8.0664,8.1312,?0.0211,?0.2627%
2010/9/6,8.0334,7.7889,8.037,8.1016,-0.025,-0.31%
2010/9/3,8.0584,7.7776,8.0253,8.0898,-0.0012,-0.01%
2010/9/2,8.0596,7.812,8.0609,8.1256,-0.0251,-0.31%
2010/9/1,8.0847,7.8177,8.0668,8.1316,?0.0302,?0.3749%
2010/8/31,8.0545,7.7907,8.0389,8.1034,?0.1183,?1.4906%
2010/8/30,7.9362,7.7427,7.9894,8.0535,-0.1227,-1.52%
2010/8/27,8.0589,7.6867,7.9316,7.9953,?0.0234,?0.2912%
2010/8/26,8.0355,7.7625,8.0098,8.0742,-0.0251,-0.31%
2010/8/25,8.0606,7.769,8.0165,8.0809,?0.0725,?0.9076%
2010/8/24,7.9881,7.7753,8.023,8.0874,?0.0431,?0.5425%
2010/8/23,7.945,7.6897,7.9346,7.9984,-0.0095,-0.12%
2010/8/20,7.9545,7.6428,7.8862,7.9496,?0.0253,?0.3191%
2010/8/19,7.9292,7.6611,7.9051,7.9686,-0.0127,-0.16%
2010/8/18,7.9419,7.6813,7.926,7.9896,-0.0317,-0.40%
2010/8/17,7.9736,7.6871,7.932,7.9957,?0.0458,?0.5777%
2010/8/16,7.9278,7.6643,7.9085,7.972,?0.0214,?0.2707%
2010/8/13,7.9064,7.6611,7.9052,7.9687,-0.0808,-1.01%
2010/8/12,7.9872,7.6702,7.9146,7.9781,?0.0490,?0.6173%
2010/8/11,7.9382,7.6792,7.9238,7.9874,?0.0650,?0.8256%
2010/8/10,7.8732,7.6212,7.864,7.9271,-0.0501,-0.63%
2010/8/9,7.9233,7.6289,7.8719,7.9351,?0.0372,?0.4717%
2010/8/6,7.8861,7.6493,7.893,7.9564,?0.0345,?0.4394%
2010/8/5,7.8516,7.5742,7.8155,7.8783,-0.0553,-0.70%
2010/8/4,7.9069,7.6484,7.892,7.9554,?0.0823,?1.0518%
2010/8/3,7.8246,7.5993,7.8413,7.9043,?0.0085,?0.1087%
2010/8/2,7.8161,7.5401,7.7803,7.8428,-0.0095,-0.12%
2010/7/30,7.8256,7.5654,7.8065,7.8692,?0.0665,?0.8571%
2010/7/29,7.7591,7.5023,7.7413,7.8035,?0.0312,?0.4037%
2010/7/28,7.7279,7.4353,7.6722,7.7338,-0.0635,-0.82%
2010/7/27,7.7914,7.4901,7.7287,7.7908,?0.0564,?0.7292%
2010/7/26,7.735,7.5039,7.743,7.8052,-0.0511,-0.66%
2010/7/23,7.7861,7.487,7.7255,7.7876,-0.0358,-0.46%
2010/7/22,7.8219,7.5444,7.7847,7.8473,?0.0536,?0.6900%
2010/7/21,7.7683,7.5157,7.7551,7.8174,-0.0334,-0.43%
2010/7/20,7.8017,7.5313,7.7713,7.8337,-0.026,-0.33%
2010/7/19,7.8277,7.5011,7.7401,7.8022,?0.0819,?1.0573%
2010/7/16,7.7458,7.5129,7.7522,7.8145,?0.0676,?0.8804%
2010/7/15,7.6782,7.4377,7.6746,7.7363,?0.0623,?0.8180%
2010/7/14,7.6159,7.3609,7.5954,7.6564,-0.0225,-0.29%
2010/7/13,7.6384,7.3871,7.6225,7.6837,?0.0284,?0.3732%
2010/7/12,7.61,7.3638,7.5984,7.6594,-0.0418,-0.55%
2010/7/9,7.6518,7.3831,7.6183,7.6795,-0.0482,-0.63%
2010/7/8,7.7,7.4195,7.6558,7.7173,-0.0367,-0.47%
2010/7/7,7.7367,7.5121,7.7514,7.8136,-0.0165,-0.21%
2010/7/6,7.7532,7.4381,7.675,7.7367,?0.0493,?0.6399%
2010/7/5,7.7039,7.4491,7.6864,7.7481,-0.013,-0.17%
2010/7/2,7.7169,7.4494,7.6867,7.7484,?0.0389,?0.5066%
2010/7/1,7.678,7.408,7.644,7.7054,?0.0094,?0.1226%
2010/6/30,7.6686,7.3852,7.6204,7.6816,?0.0738,?0.9717%
2010/6/29,7.5948,7.3937,7.6292,7.6905,-0.0038,-0.05%
2010/6/28,7.5986,7.3461,7.5802,7.641,?0.0289,?0.3818%
2010/6/25,7.5697,7.3455,7.5795,7.6404,-0.0045,-0.06%
2010/6/24,7.5742,7.329,7.5625,7.6232,?0.0499,?0.6632%
2010/6/23,7.5243,7.2735,7.5053,7.5655,?0.0503,?0.6730%
2010/6/22,7.474,7.2549,7.4861,7.5462,-0.076,-1.01%
2010/6/21,7.55,7.1829,7.4117,7.4712,?0.0349,?0.4644%
2010/6/18,7.5151,7.2612,7.4925,7.5527,?0.0458,?0.6132%
2010/6/17,7.4693,7.2164,7.4463,7.5061,?0.0149,?0.1999%
2010/6/16,7.4544,7.2067,7.4363,7.496,?0.0000,?0.0000%
2010/6/11,7.4544,7.1901,7.4192,7.4787,-0.0309,-0.41%
2010/6/10,7.4853,7.2276,7.4579,7.5178,?0.0073,?0.0976%
2010/6/9,7.478,7.2149,7.4448,7.5046,?0.0283,?0.3799%
2010/6/8,7.4497,7.2136,7.4434,7.5032,-0.0465,-0.62%
2010/6/7,7.4962,7.1916,7.4207,7.4803,?0.1340,?1.8201%
2010/6/4,7.3622,7.1004,7.3266,7.3855,-0.0539,-0.73%
2010/6/3,7.4161,7.1151,7.3418,7.4007,-0.0667,-0.89%
2010/6/2,7.4828,7.192,7.4211,7.4807,-0.02,-0.27%
2010/6/1,7.5028,7.257,7.4882,7.5484,?0.0295,?0.3947%
2010/5/31,7.4733,7.2079,7.4375,7.4973,-0.0171,-0.23%
2010/5/28,7.4904,7.234,7.4645,7.5244,-0.0909,-1.20%
2010/5/27,7.5813,7.2928,7.5251,7.5856,?0.0110,?0.1453%
2010/5/26,7.5703,7.3052,7.5379,7.5985,-0.0116,-0.15%
2010/5/25,7.5819,7.3413,7.5752,7.6361,-0.0116,-0.15%
2010/5/24,7.5935,7.2982,7.5307,7.5912,-0.0024,-0.03%
2010/5/21,7.5959,7.3157,7.5487,7.6094,?0.1587,?2.1339%
2010/5/20,7.4372,7.2174,7.4474,7.5072,-0.0098,-0.13%
2010/5/19,7.447,7.1983,7.4276,7.4873,?0.0670,?0.9079%
2010/5/18,7.38,7.1103,7.3368,7.3957,-0.0231,-0.31%
2010/5/17,7.4031,7.1368,7.3642,7.4233,?0.0409,?0.5555%
2010/5/14,7.3622,7.1662,7.3944,7.4538,?0.0322,?0.4393%
2010/5/13,7.33,7.0785,7.304,7.3627,-0.0264,-0.36%
2010/5/12,7.3564,7.0967,7.3228,7.3816,?0.0080,?0.1089%
2010/5/11,7.3484,7.1302,7.3574,7.4165,-0.0436,-0.59%
2010/5/10,7.392,7.0803,7.3059,7.3645,-0.0746,-1.00%
2010/5/7,7.4666,7.1544,7.3823,7.4416,?0.1787,?2.4520%
2010/5/6,7.2879,7.0295,7.2534,7.3117,?0.0867,?1.2040%
2010/5/5,7.2012,6.9556,7.1772,7.2349,?0.0090,?0.1251%
2010/5/4,7.1922,6.9654,7.1873,7.245,-0.0718,-0.99%
2010/4/30,7.264,6.9763,7.1985,7.2563,-0.0048,-0.07%
2010/4/29,7.2688,7.0074,7.2306,7.2887,-0.0675,-0.92%
2010/4/28,7.3363,7.0112,7.2346,7.2927,?0.0624,?0.8579%
2010/4/27,7.2739,7.0279,7.2518,7.31,?0.0246,?0.3393%
2010/4/26,7.2493,7.0043,7.2274,7.2855,-0.056,-0.77%
2010/4/23,7.3053,7.0563,7.2811,7.3396,-0.0431,-0.59%
2010/4/22,7.3484,7.1038,7.3301,7.3889,?0.0094,?0.1281%
2010/4/21,7.339,7.056,7.2808,7.3392,-0.0316,-0.43%
2010/4/20,7.3706,7.0997,7.3258,7.3847,-0.0351,-0.47%
